Prefix,Course Title,Section,Class Number,Credit,Days & Times,Bldg & Room
ACCTG,230 Introduction to Financial Accounting,01,02395,3,"M,W10.35-11.50",VUB 121
ACCTG,230 Introduction to Financial Accounting,02,02424,3,"M,W12-13.15",VUB 121
ACCTG,231 Introduction to Managerial Accounting,01,02411,3,"M,W17.45-19",VUB 121
ACCTG,330 Intermediate Accounting I,01,02412,3,"TU,TH14.50-16.05",VUB 121
ACCTG,330 Intermediate Accounting I,02,13710,3,"TU,TH14.50-16.05",VUB 225
ACCTG,335 Taxation of Business Entities and Individuals,01,02397,3,"TU,TH16.15-17.30",VUB 125
ACCTG,433 [M] Accounting Systems and Auditing,01,02398,3,TH18-20.45,VUB 225
ACCTG,438 [M] Advanced Cost Accounting and Management,01,02437,3,M18-20.45,VUB 125
ACCTG,498 Accounting Internship,01,02425,V,ARRGT,ARR ARR
ANTH,130 [SSCI] Great Discoveries in Archaeology,01,13178,3,ARRGT,ARR ARR
ANTH,203 [DIVR] Global Cultural Diversity,01,02518,3,ARRGT,ARR ARR
ANTH,305 [SSCI] Anthropology of Epidemic Disease and Bioterrorism,01,02927,3,ARRGT,ARR ARR
ANTH,307 [DIVR] Contemporary Cultures and Peoples of Africa,01,02847,3,ARRGT,ARR ARR
ANTH,309 [SSCI] Cultural Ecology,01,13053,3,ARRGT,ARR ARR
ANTH,316 [DIVR] Gender in Cross Cultural Perspective,02,03134,3,ARRGT,ARR ARR
ANTH,381 [BSCI] Primate Behavioral Ecology,01,02848,3,ARRGT,ARR ARR
ANTH,390 [M] History of Anthropological Thought,01,03087,3,M11.10-14,VSCI 19
ANTH,510 Fundamentals of Cultural Anthropology,01,13604,3,F9.10-11.40,VMMC 204
ANTH,537 Quantitative Methods in Anthropology,01,02902,4,TU9.10-11.50,VMMC 102Q
ANTH,537 Quantitative Methods in Anthropology,01 Lab,02903,0,TH9.10-11.50,VMMC 102Q
ANTH,546 Complexity in Small Scale Societies,01,14919,3,M13.10-15.40,VMMC 102Q
ANTH,548 Hunters and Gatherers: Past and Present,01,15477,3,TH12.30-15,VMMC 202Q
ANTH,"800 Doctoral Research, Dissertation, and/or Examination",01,02523,V,ARRGT,ARR ARR
ASTRONOM,135 [PSCI] Astronomy,01,02542,4,"M,W17.45-19",GUC VAN
ASTRONOM,135 [PSCI] Astronomy,01 Lab,02543,0,M19.15-21.05,VSCI 101
B_A,100 Introduction to Business,01,03106,3,"TU,TH10.35-11.50",VUB 1
B_A,102 Exploring Careers in Business,01,12773,1,"W,F9.10-10.25",VMMC 16
B_A,102 Exploring Careers in Business,03,15456,1,"W,F9.10-10.25",VMMC 16
B_A,"211 Ethics, Teams, and Innovation",01,12776,3,"M,W14.50-16.05",VMMC 22
B_A,"211 Ethics, Teams, and Innovation",02,14683,3,ARRGT,ARR ARR
B_A,"212 Spreadsheets, Data Visualization, and Decision Analysis",01,12775,3,"TU,TH12-13.15",VMMC 22
B_A,"212 Spreadsheets, Data Visualization, and Decision Analysis",02,14686,3,ARRGT,ARR ARR
B_LAW,210 Law and the Legal Environment of Business,01,02399,3,"M,W16.15-17.30",VECS 105
BIOLOGY,101 [BSCI] Biology of Humans,01,02600,3,ARRGT,ARR ARR
BIOLOGY,301 General Genetics,01,02975,4,W7.45-9,VUB 100
BIOLOGY,301 General Genetics,02,02976,4,W9.10-10.25,VUB 100
BIOLOGY,321 [M] Principles of Animal Development,01,13156,4,W10.35-11.50,VSCI 19
BIOLOGY,321 [M] Principles of Animal Development,01 Lab,13157,0,W13.25-16.05,VSCI 101
BIOLOGY,401 [CAPS] Plants and People,01,13155,3,"TU,TH16.15-17.30",VSCI 19
BIOLOGY,489 [CAPS] [M] Synthesis and Communication of Independent Research,01,16453,3,ARRGT,ARR ARR
BIOLOGY,497 Instructional Practicum,01,02584,V,ARRGT,ARR ARR
BIOLOGY,499 Special Problems,01,02585,V,ARRGT,ARR ARR
BIOLOGY,500 Seminar,01,02842,1,ARRGT,ARR ARR
BIOLOGY,500 Seminar,02,02917,1,ARRGT,ARR ARR
BIOLOGY,501 Proposal Defense Seminar,01,02918,2,ARRGT,ARR ARR
BIOLOGY,"559 Hormones, Brain and Behavior",01,13671,3,"TU,TH13.30-14.45",VMMC 102Q
BIOLOGY,585 Professional Development and Training for College and University Teaching,01,16044,2,F12-13.50,AMS VAN
BIOLOGY,589 Advanced Topics in Biology,01,03233,1,W12.10-13,AMS VAN
BIOLOGY,"700 Master's Research, Thesis, and/or Examination",01,02580,V,ARRGT,ARR ARR
BIOLOGY,"800 Doctoral Research, Dissertation, and/or Examination",01,02581,V,ARRGT,ARR ARR
CES,314 [M] Topics in Asian Pacific American Literature,01,13429,3,"M,W10.35-11.50",VLIB 265
CHEM,103 Concepts in Chemistry,01,03144,4,ARRGT,ARR ARR
CHEM,103 Concepts in Chemistry,01 Lab,15529,0,ARRGT,ARR ARR
CHEM,105 [PSCI] Principles of Chemistry I,01 Lab,02685,0,W14.50-17.30,VCLS 50
CHEM,105 [PSCI] Principles of Chemistry I,04 Lab,02688,0,TH10.35-13.15,VCLS 50
CHEM,105 [PSCI] Principles of Chemistry I,05 Lab,02689,0,TH13.25-16.05,VCLS 50
CHEM,105 [PSCI] Principles of Chemistry I,06 Lab,02690,0,TH17.45-20.25,VCLS 50
CHEM,105 [PSCI] Principles of Chemistry I,07 Lab,02691,0,F8.10-10.50,VCLS 50
CHEM,105 [PSCI] Principles of Chemistry I,08 Lab,02692,0,F12-14.40,VCLS 50
CHEM,345 Organic Chemistry I,01 Lab,02679,0,M11.10-13.50,VCLS 50
CHEM,345 Organic Chemistry I,02 Lab,02680,0,M14.10-16.50,VCLS 50
CHEM,345 Organic Chemistry I,03 Lab,02681,0,M17.45-20.25,VCLS 50
CHEM,345 Organic Chemistry I,05 Lab,02937,0,TU10.35-13.15,VCLS 50
COM,101 [SSCI] Media and Society,01,02752,3,"M,W9.10-10.25",VUB 125
COM,102 [COMM] Public Speaking in the Digital Age,02,02754,3,"TU,TH9.10-10.25",VLIB 201
COM,138 Introduction to Communication,01,02862,3,ARRGT,ARR ARR
COM,210 [COMM] Multimedia Content Creation,01,02843,3,ARRGT,ARR ARR
COM,300 [M] Writing in Communication,01,03001,3,"M,W13.25-14.40",VMMC 23
COM,499 Special Problems,01,02884,V,ARRGT,ARR ARR
COMSTRAT,312 Principles of Public Relations,01,03003,3,"M,W14.50-16.05",VLIB 201
COMSTRAT,380 Advertising Principles and Practices,01,02834,3,"TU,TH10.35-11.50",VMMC 214
COMSTRAT,383 [M] Media Strategies and Techniques for Public Relations,01,14895,3,ARRGT,ARR ARR
COMSTRAT,485 [M] Public Relations Management and Campaigns,01,02891,3,"TU,TH13.25-14.40",VUB 100
COMSTRAT,495 Strategic Communication Professional Internship,01,02885,V,ARRGT,ARR ARR
CRM_J,101 [SSCI] Introduction to the Administration of Criminal Justice,01,02545,3,"TU,TH10.35-11.50",VECS 122
CRM_J,330 Crime Control Policies,01,02955,3,"TU,TH13.25-14.40",VUB 107
CRM_J,420 [M] Criminal Procedure,01,13057,3,"TU,TH9.10-10.25",VMMC 16
CRM_J,426 Victimology and Public Policy,01,13058,3,"TU,TH14.50-16.05",VLIB 265
CRM_J,428 Drug and Alcohol Use and Abuse,01,13059,3,TU17.45-20.30,VLIB 260
CS,121 Program Design and Development,01,02819,4,"TU,TH12-13.15",VSCI 12
CS,121 Program Design and Development,01 Lab,02820,0,TU14.50-17.20,VECS 325
CS,121 Program Design and Development,02 Lab,02821,0,W10.35-13.05,VECS 325
CS,121 Program Design and Development,03 Lab,02822,0,TH14.50-17.20,VECS 325
CS,121 Program Design and Development,04 Lab,02873,0,F10.35-13.05,VECS 325
CS,223 Advanced Data Structures,01,02770,3,"M,W,F13.25-14.15",VECS 104
CS,260 Computer Organization,01,02771,3,"M,W10.35-11.50",VECS 122
CS,317 Automata and Formal Languages,01,02772,3,"TU,TH12-13.15",VUB 1
CS,317 Automata and Formal Languages,02,15410,3,"TU,TH13.25-14.40",VMMC 16
CS,320 [M] Fundamentals of Software Engineering,01,02773,3,"M,W10.35-11.50",VMMC 6
CS,330 Numerical Computing,01,02774,3,"M,W14.50-16.05",VECS 104
CS,420 [CAPS] Software Design Project I,01,02775,3,"M,W16.15-17.30",VUB 1
CS,425 Digital Forensics,01,13044,3,"M,W9.10-10.25",VECS 122
CS,426 Applied Systems Security,01,03030,3,"TU,TH14.50-16.05",VECS 104
CS,447 Computer Game Design,01,02776,3,"M,W13.25-14.40",VSCI 255
CS,450 Design and Analysis of Algorithms,01,02777,3,"M,W12-13.15",VDEN 110
CS,453 Cloud Data Management,01,02778,3,"TU,TH13.25-14.40",VSCI 255
CS,454 Information Retrieval,01,13045,3,"TU,TH9.10-10.25",VECS 122
CS,483 Topics in Computer Science,01,02947,3,"M,W7.45-9",VECS 104
CS,501 Cloud Systems,01,13046,3,"TU,TH9.10-10.25",VSCI 19
CS,518 Advanced Analysis of Algorithms,01,03231,3,"M,W9.10-10.25",VLIB 260
CS,547 Computer Game Design,01,13048,3,"M,W13.25-14.40",VSCI 255
CS,"700 Master's Research, Thesis, and/or Examination",01,02780,V,ARRGT,ARR ARR
DATA,115 Introduction to Data Analytics,02,03012,3,"TU,TH12.05-13.20",AMS VAN
DTC,101 [ARTS] Introduction to Digital Technology & Culture,01,02693,3,"M,W,F9.10-10",VLIB 261
DTC,101 [ARTS] Introduction to Digital Technology & Culture,02,02694,3,"M,W10.35-11.50",GUC VAN
DTC,101 [ARTS] Introduction to Digital Technology & Culture,03,02893,3,"TU,TH10.35-11.50",GUC VAN
DTC,101 [ARTS] Introduction to Digital Technology & Culture,04,02938,3,M13.25-16.05,GUC VAN
DTC,201 [ARTS] Tools and Methods for Digital Technology,01,02755,3,"TU,TH9.10-10.25",VMMC 111
DTC,201 [ARTS] Tools and Methods for Digital Technology,02,02844,3,"M,W10.35-11.50",VMMC 111
DTC,201 [ARTS] Tools and Methods for Digital Technology,04,03075,3,"M,W12-13.15",VMMC 111
DTC,208 [ARTS] Introduction to Digital Cinema,01,03000,3,M17.45-20.30,VMMC 111
DTC,331 Social Media Practices,01,03132,3,"M,W16.15-17.30",VMMC 115
DTC,335 3D Digital Animation,01,02702,3,"TU,TH10.35-11.50",VMMC 111
DTC,335 3D Digital Animation,02,16456,3,"TU,TH10.35-11.50",VCLS 224
DTC,335 3D Digital Animation,01 Lab,02703,0,ARRGT,ARR ARR
DTC,335 3D Digital Animation,02 Lab,16457,0,ARRGT,ARR ARR
DTC,336 Multimedia Design,01,02756,3,"TU,TH16.15-17.30",VMMC 111
DTC,336 Multimedia Design,02,03085,3,TU17.45-20.30,VMMC 111
DTC,338 Special Topics in Digital Technology and Culture,01,02713,3,W17.45-20.30,VCLS 224
DTC,338 Special Topics in Digital Technology and Culture,02,14014,3,M13.25-16.05,VMMC 111
DTC,354 Digital Storytelling,01,02714,3,ARRGT,ARR ARR
DTC,355 [M] Multimedia Authoring,01,02697,3,"TU,TH13.25-14.40",VMMC 111
DTC,355 [M] Multimedia Authoring,02,13590,3,F14.10-17,VMMC 111
DTC,356 [M] Information Structures,01,02698,3,"M,W12-13.15",VMMC 115
DTC,356 [M] Information Structures,02,02996,3,"M,W16.15-17.30",VMMC 111
DTC,"375 [M] Language, Texts and Technology",01,02712,3,"TU,TH12-13.15",VMMC 111
DTC,"375 [M] Language, Texts and Technology",02,02997,3,W17.45-20.30,VMMC 111
DTC,392 Video Games Theories and History,01,03076,3,F11.10-14,VMMC 111
DTC,477 Advanced Multimedia Authoring,01,02699,3,"TU,TH14.50-16.05",VMMC 111
DTC,478 Usability and Interface Design,01,02700,3,M13.25-16.05,VCLS 224
DTC,497 [CAPS] Senior Seminar,01,02701,3,W13.25-16.05,VMMC 111
DTC,498 Internship,01,02696,V,ARRGT,ARR ARR
DTC,499 Special Problems,01,02695,V,ARRGT,ARR ARR
E_A,300 Educ Abroad,01,02524,V,ARRGT,ARR ARR
E_A,301 Educ Abroad,01,02833,V,ARRGT,ARR ARR
ECE,101 Introduction to Electrical Engineering,01,02789,2,M12-12.50,VECS 104
ECE,101 Introduction to Electrical Engineering,01 Lab,02790,0,M14.50-17.20,VECS 220
ECE,101 Introduction to Electrical Engineering,02 Lab,02835,0,M14.50-17.20,VECS 221
ECE,214 Design of Logic Circuits,01,02791,3,"W,F14.50-15.40",VSCI 12
ECE,214 Design of Logic Circuits,01 Lab,02792,0,W15.55-18.25,VECS 220
ECE,214 Design of Logic Circuits,02 Lab,02793,0,W15.55-18.25,VECS 221
ECE,321 Circuit Modeling and Analysis II,01,02786,3,"TU,TH12-13.15",VECS 122
ECE,325 Electronic Devices and Applications,01,02794,4,"M,W10.35-11.50",VECS 104
ECE,325 Electronic Devices and Applications,01 Lab,02795,0,TU14.50-17.20,VECS 220
ECE,325 Electronic Devices and Applications,02 Lab,02912,0,TU14.50-17.20,VECS 221
ECE,345 Introduction to Digital Communications,01,13043,3,"W,F14.50-16.05",VECS 122
ECE,349 Principles of Solid State Devices,01,03027,3,"TU,TH13.25-14.40",VECS 122
ECE,411 Energy Systems,01,02796,3,"TU,TH16.15-17.05",VECS 104
ECE,411 Energy Systems,01 Lab,02797,0,TU17.20-19.50,VECS 327
ECE,411 Energy Systems,02 Lab,02798,0,TH17.20-19.50,VECS 327
ECE,414 Introduction to Digital Signal Processing,01,02911,3,"M,W10.35-11.50",VLIB 264
ECE,414 Introduction to Digital Signal Processing,01 Lab,02913,0,W7.45-10.15,VECS 325
ECE,421 Introduction to Solar Cells,01,02799,3,"W,F13.25-14.15",VECS 105
ECE,421 Introduction to Solar Cells,01 Lab,02800,0,TH13.25-15.55,VECS 220
ECE,421 Introduction to Solar Cells,02 Lab,02801,0,F9.10-11.40,VECS 220
ECE,425 RF Devices and Circuits,01,02802,3,"M,W12-12.50",VECS 122
ECE,425 RF Devices and Circuits,01 Lab,02803,0,M13.25-15.55,VECS 320
ECE,425 RF Devices and Circuits,02 Lab,02870,0,W13.25-15.55,VECS 320
ECE,451 Capstone Design I,01,02804,2,"W,F16.15-17.05",VECS 104
ECE,461 Power Systems Analysis and Design I,01,02788,3,W17.45-20.30,VSCI 12
ECE,525 Experimental Methods for Electrical Engineering,01,02914,3,"W,F13.25-14.40",VSCI 12
ECE,533 Advanced Antenna Design,01,02999,3,"M,W10.35-11.50",VUB 124
ECE,586 Solid State Device Design and Modeling,01,03028,3,"TU,TH9.10-10.25",VECS 225
ECE,"700 Master's Research, Thesis, and/or Examination",01,02924,V,ARRGT,ARR ARR
ECONS,305 Intermediate Microeconomics without Calculus,01,02989,3,ARRGT,ARR ARR
ED_AD,501 Philosophy of Education,01,02909,3,W17.45-20.30,VUB 311
ED_AD,507 Social Foundations of Education,02,13938,3,ARRGT,ARR ARR
ED_AD,509 Leading School Improvement,01,03016,3,M17.45-20.30,VUB 126
ED_AD,512 Leadership Studies for Social Justice,01,02572,3,TU17.45-20.30,VECS 125
ED_AD,580 School Organization and Administration,01,03158,3,TU17.45-20.30,VECS 120
ED_AD,581 Politics in Education,01,02573,3,ARRGT,ARR ARR
ED_AD,587 Seminar in School Administration,01,02574,3,ARRGT,ARR ARR
ED_AD,588 The Law and Education,01,12979,3,TH17.45-20.30,VUB 124
ED_AD,589 Leadership Development Seminar,01,02598,3,W17.45-20.30,VUB 126
ED_AD,590 Internship,01,02599,3,ARRGT,ARR ARR
ED_AD,590 Internship,02,02895,3,ARRGT,ARR ARR
ED_AD,600 Special Projects or Independent Study,01,02943,3,ARRGT,ARR ARR
ED_AD,"800 Doctoral Research, Dissertation, and/or Examination",01,02532,V,ARRGT,ARR ARR
ED_MTHSC,598 Research Seminar in Mathematics and Science Education,01,02651,1,W16.30-17.30,VUB 311
ED_MTHSC,"800 Doctoral Research, Dissertation, and/or Examination",01,02932,V,ARRGT,ARR ARR
ED_PSYCH,"401 Classroom Assessment, Elementary",01,02596,3,M11.10-14,VUB 225
ED_PSYCH,"401 Classroom Assessment, Elementary",02,15558,3,TU16.30-18.30,ARR ARR
ED_PSYCH,505 Research Methods I,01,03014,3,M17.45-20.30,VMMC 102Q
ED_PSYCH,508 Educational Statistics,01,03159,3,TU17.45-20.30,VECS 209
ED_PSYCH,521 Topics in Educational Psychology,01,15722,3,W17.45-20.30,ARR ARR
ED_RES,"562 Epistemology, Inquiry, and Representation",01,02910,3,TU17.45-20.30,AMS VAN
ED_RES,563 Principles of Research,01,03049,3,M17.45-20.30,AMS VAN
ED_RES,564 Qualitative Research,01,03160,3,TU16.10-19,VMMC 102Q
ED_RES,565 Quantitative Research,01,02854,3,TU17.45-20.30,VECS 309
ED_RES,571 Doctoral Dissertation Preparation,01,02575,3,W17.45-20.30,VECS 120
ED_RES,571 Doctoral Dissertation Preparation,02,13536,3,M17.45-20.30,VUB 311
ENGLISH,100 Introductory College Composition,01,02548,3,"M,W9.10-10.25",VUB 122
ENGLISH,101 [WRTG] College Composition,02,02577,3,"M,W10.35-11.50",VUB 122
ENGLISH,101 [WRTG] College Composition,03,02578,3,"M,W12-13.15",VUB 122
ENGLISH,101 [WRTG] College Composition,04,02882,3,"M,W14.50-16.05",VUB 122
ENGLISH,101 [WRTG] College Composition,06,02946,3,"TU,TH13.25-14.40",VUB 122
ENGLISH,101 [WRTG] College Composition,07,03018,3,"TU,TH14.50-16.05",VUB 122
ENGLISH,102 Writing Tutorial,01,03110,1,M9.10-10,GUC VAN
ENGLISH,102 Writing Tutorial,02,03111,1,M12-12.50,VUB 124
ENGLISH,102 Writing Tutorial,03,03112,1,TU12-12.50,VUB 122
ENGLISH,102 Writing Tutorial,05,03114,1,W9.10-10,GUC VAN
ENGLISH,102 Writing Tutorial,06,03115,1,W12-12.50,VUB 124
ENGLISH,102 Writing Tutorial,08,03117,1,F10.35-11.25,VUB 122
ENGLISH,102 Writing Tutorial,09,03118,1,ARRGT,ARR ARR
ENGLISH,110 [HUM] Reading Now,01,13179,3,TU17.45-20.30,VUB 222
ENGLISH,201 [WRTG] Writing and Research,01,03034,3,"M,W12-13.15",VMMC 23
ENGLISH,202 Grammar in Context,01,02735,1,TU10.35-11.25,VUB 222
ENGLISH,251 Introduction to Creative Writing: Exploring the Genres,01,02549,3,"TU,TH13.30-14.45",AMS VAN
ENGLISH,301 [WRTG] Writing and Rhetorical Conventions,01,02550,3,"TU,TH13.25-14.40",VLIB 201
ENGLISH,302 [M] Introduction to English Studies,02,03215,3,ARRGT,ARR ARR
ENGLISH,305 [HUM] Shakespeare,01,13180,3,"M,W13.25-14.40",VLIB 201
ENGLISH,309 Women Writers,01,13445,3,"TU,TH14.50-16.05",VUB 222
ENGLISH,314 [M] Topics in Asian Pacific American Literature,01,13430,3,"M,W10.35-11.50",VLIB 265
ENGLISH,323 Approaches to the Teaching of English,01,02552,3,"TU,TH16.15-17.30",VUB 122
ENGLISH,325 Young Adult Literature,01,02553,3,"M,W16.15-17.30",VLIB 260
ENGLISH,339 [ARTS] Topics in Film as Literature,01,14786,3,ARRGT,ARR ARR
ENGLISH,339 [ARTS] Topics in Film as Literature,01 Lab,14787,0,ARRGT,ARR ARR
ENGLISH,361 Everyday Rhetorics,01,03173,3,ARRGT,ARR ARR
ENGLISH,"370 The Making of English: Literature, Language and Culture Before 1600",01,02554,3,"TU,TH12.05-13.20",VECS 105
ENGLISH,372 [HUM] 19th Century Literature of the British Empire and the Americas,01,02555,3,"TU,TH13.25-14.40",VLIB 261
ENGLISH,402 [WRTG] [M] Technical and Professional Writing,22,03188,3,ARRGT,ARR ARR
ENGLISH,405 Advanced Professional Writing and Editing,01,15513,3,ARRGT,ARR ARR
ENGLISH,451 [M] Advanced Creative Writing: Fiction,01,02892,3,W17.45-20.30,VLIB 260
ENGLISH,494 [CAPS] [M] Advanced Topics in Literature,01,13427,3,"M,W14.50-16.05",VUB 126
ENGLISH,498 Internship,01,02533,V,ARRGT,ARR ARR
ENGLISH,499 Special Problems,01,02534,V,ARRGT,ARR ARR
ENGLISH,"800 Doctoral Research, Dissertation, and/or Examination",01,03032,V,ARRGT,ARR ARR
ENTRP,485 [M] New Venture Planning,01,02432,3,"M,W10.35-11.50",VUB 222
ENTRP,490 [M] Entrepreneurial Marketing,01,02438,3,"M,W12-13.15",VUB 125
ENTRP,492 [CAPS] Small Business Strategy and Planning,01,02408,3,M11.10-14,VMMC 1
ENTRP,492 [CAPS] Small Business Strategy and Planning,02,02433,3,M18-20.45,VUB 225
ENTRP,499 Special Problems,01,13435,1,"M,W13.25-14.40",VMMC 217
FIN,223 [QUAN] Personal Finance,01,02400,3,"M,W16.15-17.30",VUB 225
FIN,325 Introduction to Financial Management,01,02409,3,"TU,TH10.35-11.50",VECS 104
FIN,325 Introduction to Financial Management,02,02410,3,TU18-20.45,VUB 225
FIN,345 Real Estate,01,02431,3,ARRGT,ARR ARR
FIN,346 Washington Real Estate Regulations,01,13486,1,ARRGT,ARR ARR
FIN,421 Financial Institutions and Intermediation,01,02401,3,"TU,TH13.25-14.40",VMMC 22
FIN,427 [M] Investment Analysis,01,02402,3,TU18-20.45,VMMC 22
FIN,481 [M] International Finance,01,03052,3,TU12-13.15,VUB 225
FINE_ART,102 [ARTS] 2D Art and Design,01,02959,3,"M,W14.10-16.50",VMMC 103
FINE_ART,102 [ARTS] 2D Art and Design,02,03091,3,"TU,TH12-14.40",VMMC 103
FINE_ART,103 [ARTS] 3D Art and Design,01,02960,3,"TU,TH9.10-11.50",VMMC 107
FINE_ART,110 [ARTS] Drawing,01,02961,3,"M,W12-14.40",VMMC 107
FINE_ART,201 [ARTS] World Art History I,01,02579,3,"TU,TH13.25-14.40",VUB 121
FINE_ART,305 [ARTS] [M] Arts of Ancient Greece and Rome,01,13423,3,"TU,TH10.35-11.50",VUB 221
FINE_ART,370 Introduction to Printmaking,01,13425,3,"TU,TH14.50-17.30",VMMC 103
FINE_ART,498 [CAPS] [M] Contemporary Issues Seminar,01,13424,3,"M,W10.35-11.50",VMMC 103
FINE_ART,499 Special Problems,01,02880,V,ARRGT,ARR ARR
FOR_LANG,120 [DIVR] Introduction to Foreign Cultures,01,02974,3,"TU,TH9.10-10.25",GUC VAN
FOR_LANG,410 [CAPS] Advanced Topics in Global Cinema,01,02851,3,ARRGT,ARR ARR
FRENCH,110 [HUM] French/Francophone Film,01,13592,3,ARRGT,ARR ARR
H_D,205 [COMM] Developing Effective Communication and Life Skills,01,02890,4,"M,W10.35-11.50",VDEN 129
H_D,205 [COMM] Developing Effective Communication and Life Skills,01 Lab,02926,0,ARRGT,ARR ARR
H_D,220 Human Development Theories,01,02718,3,"M,W13.25-14.40",VUB 121
H_D,300 Child Maltreatment,01,02856,3,"M,W10.35-11.50",VMMC 217
H_D,301 Family Stress and Coping,01,02956,3,"TU,TH16.15-17.30",VMMC 16
H_D,310 [M] Research Methods,01,02557,3,"M,W9.10-10.25",VLIB 265
H_D,334 [SSCI] Principles of Community Development,01,12975,3,"M,W14.50-16.05",VMMC 217
H_D,341 Guidance in Early Childhood Programs,01,13816,3,ARRGT,""
H_D,342 Curriculum for Early Childhood Programs,01,02939,4,ARRGT,ARR ARR
H_D,342 Curriculum for Early Childhood Programs,01 Lab,02940,0,ARRGT,ARR ARR
H_D,350 [DIVR] Family Diversity,01,02715,3,"TU,TH12-13.15",VMMC 6
H_D,385 Perspectives in Human Services,01,02559,3,"TU,TH9.10-10.25",VMMC 217
H_D,406 Work and Family,01,02717,3,"TU,TH14.50-16.05",VMMC 217
H_D,445 Early Childhood Professional Preparation Seminar,01,13823,3,ARRGT,""
H_D,479 Planning and Evaluation in Human Development,01,12976,3,"M,W13.25-14.40",VMMC 214
H_D,485 Participation in Human Development Research,01,02531,V,ARRGT,ARR ARR
H_D,495 Instructional Practicum,01,02530,V,ARRGT,ARR ARR
H_D,498 Field Placement,01,02529,V,ARRGT,ARR ARR
H_D,499 Special Problems,01,02931,V,ARRGT,ARR ARR
HBM,101 Professional and Career Development for the Business World,01,03181,1,"W,F9.10-10.25",VMMC 1
HBM,101 Professional and Career Development for the Business World,02,14815,1,"W,F9.10-10.25",VMMC 1
HBM,301 Introduction to Event Planning,01,14758,3,ARRGT,ARR ARR
HBM,381 [M] Hospitality Leadership and Organizational Behavior,01,03051,3,"TU,TH12-13.15",VMMC 23
HBM,491 Operational Analysis,01,02403,3,"TU,TH14.50-16.05",VMMC 219
HBM,494 [M] Service Operations Management,01,02404,3,"TU,TH13.25-14.40",VUB 221
HISTORY,101 [HUM] Classical and Christian Europe,01,12757,3,ARRGT,ARR ARR
HISTORY,105 [ROOT] The Roots of Contemporary Issues,01,02560,3,ARRGT,ARR ARR
HISTORY,105 [ROOT] The Roots of Contemporary Issues,02,02561,3,"TU,TH12-13.15",VMMC 219
HISTORY,105 [ROOT] The Roots of Contemporary Issues,04,02839,3,ARRGT,ARR ARR
HISTORY,105 [ROOT] The Roots of Contemporary Issues,06,02969,3,"M,W12-13.15",VLIB 265
HISTORY,105 [ROOT] The Roots of Contemporary Issues,07,12756,3,"M,W13.25-14.40",VMMC 219
HISTORY,150 [DIVR] Peoples of the United States,01,12758,3,ARRGT,ARR ARR
HISTORY,275 [DIVR] Introduction to East Asian Culture,01,03043,3,"M,W10.35-11.50",VLIB 261
HISTORY,300 [M] Writing about History,01,02653,3,TU14.10-17,VLIB 260
HISTORY,331 [HUM] Latin American Cultural History,01,14803,3,ARRGT,ARR ARR
HISTORY,355 [HUM] History of European Popular Culture,01,12760,3,"TU,TH13.25-14.40",VLIB 265
HISTORY,"399 [DIVR] Lesbian and Gay History: Culture, Politics and Social Change in the US",01,13443,3,"M,W9.10-10.25",VLIB 201
HISTORY,434 Revolution in Latin America,01,12762,3,ARRGT,ARR ARR
HISTORY,444 [CAPS] The Renaissance,01,14804,3,ARRGT,ARR ARR
HISTORY,"476 [M] Revolutionary China, 1800 to Present",01,12763,3,"M,W13.25-14.40",VLIB 265
HISTORY,"495 [CAPS] Space, Place, and Power in History: Historical Geography in Global Perspective",01,03142,3,ARRGT,ARR ARR
HISTORY,"800 Doctoral Research, Dissertation, and/or Examination",01,02528,V,ARRGT,ARR ARR
HUMANITY,304 [HUM] Humanities in the Modern World,01,02526,3,"TU,TH9.10-10.25",VLIB 265
I_BUS,380 International Business,01,02405,3,M18-20.45,VMMC 22
I_BUS,380 International Business,02,02445,3,"TU,TH10.35-11.50",VUB 121
I_BUS,435 International Tourism,01,03055,3,"TU,TH16.15-17.30",VUB 225
INTERDIS,501 Research Communication,01,14857,2,W16.15-17.55,AMS VAN
INTERDIS,"800 Doctoral Research, Dissertation, and/or Examination",01,02540,V,ARRGT,ARR ARR
ISE,300 INTRN'L EXCH,01,02525,V,ARRGT,ARR ARR
LATIN,101 First Semester Latin,01,02655,4,ARRGT,ARR ARR
MATH,103 Algebra Methods and Introduction to Functions,01,02564,3,ARRGT,ARR ARR
MATH,103 Algebra Methods and Introduction to Functions,02,02565,3,ARRGT,ARR ARR
MATH,103 Algebra Methods and Introduction to Functions,03,02925,3,ARRGT,ARR ARR
MATH,103 Algebra Methods and Introduction to Functions,04,03020,3,ARRGT,ARR ARR
MATH,110 Mathematics Acceleration,01,02722,1,ARRGT,ARR ARR
MATH,115 Math 105 Tutorial,01,14805,2,ARRGT,ARR ARR
MATH,116 Math 106 Tutorial,01,03249,2,ARRGT,ARR ARR
MATH,171 [QUAN] Calculus I,01,02738,4,"M,W,F9.10-10",VUB 1
MATH,171 [QUAN] Calculus I,01 Lab,02739,0,M13.25-14.40,VUB 202
MATH,171 [QUAN] Calculus I,W13.25-14.40,VMMC 1,Aug 24--Dec 11, ,""
MATH,171 [QUAN] Calculus I,02 Lab,02740,0,TU9.10-10.25,VUB 202
MATH,171 [QUAN] Calculus I,TH9.10-10.25,VMMC 1,Aug 24--Dec 11, ,""
MATH,171 [QUAN] Calculus I,03 Lab,02864,0,TU10.35-11.50,VUB 202
MATH,171 [QUAN] Calculus I,TH10.35-11.50,VUB 226,Aug 24--Dec 11, ,""
MATH,172 Calculus II,01,02741,4,"M,W,F9.10-10",VMMC 22
MATH,172 Calculus II,01 Lab,02742,0,TU9.10-10.25,VMMC 1
MATH,172 Calculus II,TH9.10-10.25,VUB 202,Aug 24--Dec 11, ,""
MATH,172 Calculus II,02 Lab,02743,0,TU10.35-11.50,VUB 226
MATH,172 Calculus II,TH10.35-11.50,VUB 202,Aug 24--Dec 11, ,""
MATH,201 Mathematics for Business and Economics,01,02569,3,"M,W10.35-11.50",VMMC 214
MATH,202 [QUAN] Calculus for Business and Economics,01,02570,3,"W,F10.35-11.50",VMMC 1
MATH,216 Discrete Structures,02,14806,3,"M,W,F9.10-10",AMS VAN
MATH,220 Introductory Linear Algebra,01,02723,2,"TU,TH10.35-11.25",VSCI 19
MATH,220 Introductory Linear Algebra,02,02724,2,"TU,TH14.50-15.40",VMMC 23
MATH,251 Fundamentals of Elementary Mathematics I,01,02824,3,TU17.45-19.25,VUB 226
MATH,251 Fundamentals of Elementary Mathematics I,01 Lab,02825,0,TH17.45-19.25,VUB 226
MATH,273 Calculus III,01,02725,2,"TU,TH10.35-11.25",VLIB 264
MATH,273 Calculus III,02,02726,2,"TU,TH13.25-14.15",VMMC 1
MATH,315 Differential Equations,01,02863,3,"TU,TH9.10-10.25",VUB 221
MATH,330 Methods of Teaching Secondary School Mathematics,01,02981,3,"M,W,F15.10-16",AMS VAN
MATH,401 [M] Introduction to Analysis I,01,03098,3,"M,W,F10.10-11",AMS VAN
MATH,405 Introduction to Financial Mathematics,01,15418,3,"M,W,F10.10-11",AMS VAN
MATH,416 Numerical Simulations for Probabilistic Models,01,13656,3,"M,W,F11.10-12",VECS 309
MATH,453 Graph Theory,01,03099,3,"M,W,F14.10-15",VECS 120
MATH,466 Optimization in Networks,01,13596,3,"TU,TH10.35-11.50",VECS 209
MATH,499 Special Problems,01,03006,V,ARRGT,ARR ARR
MATH,501 Real Analysis,01,02901,3,"M,W,F11.10-12",VMMC 102Q
MATH,512 Ordinary Differential Equations,01,15617,3,"M,W,F9.10-10",AMS VAN
MATH,516 Numerical Simulations for Probabilistic Models,01,13657,3,"M,W,F11.10-12",VECS 309
MATH,525 General Topology,01,13648,3,"M,W,F13.10-14",VMMC 202Q
MATH,533 Teaching College Mathematics,01,02950,1,TU16.15-17.05,VMMC 23
MATH,553 Graph Theory,01,03100,3,"M,W,F14.10-15",VECS 120
MATH,566 Optimization in Networks,01,13597,3,"TU,TH10.35-11.50",VECS 209
MATH,586 Mathematical Methods in Natural Sciences,01,13658,3,"M,W,F12.10-13",AMS VAN
MATH,591 Seminar in Mathematical Biology,01,15590,1,TU16.10-17,AMS VAN
MATH,592 Seminar in Analysis,01,02876,1,W13.25-14.15,VSCI 19
MATH,600 Special Projects or Independent Study,01,02841,V,ARRGT,ARR ARR
MATH,"702 Master's Special Problems, Directed Study, and/or Examination",01,02840,V,ARRGT,ARR ARR
MATH,"800 Doctoral Research, Dissertation, and/or Examination",01,02535,V,ARRGT,ARR ARR
MBIOS,304 Microbiology and Molecular Biology Laboratory,01,02888,3,TU10.35-11.25,VSCI 12
MBIOS,304 Microbiology and Molecular Biology Laboratory,01 Lab,02889,0,"TU,TH13.25-16.05",VSCI 114
MBIOS,305 General Microbiology,01,02656,3,"TU,TH16.15-17.30",VSCI 12
MBIOS,478 Bioinformatics,01,02868,3,ARRGT,ARR ARR
MBIOS,478 Bioinformatics,01 Lab,02869,0,ARRGT,ARR ARR
MBIOS,499 Special Problems,01,02590,V,ARRGT,ARR ARR
MBIOS,578 Bioinformatics,01,02904,3,ARRGT,ARR ARR
MBIOS,578 Bioinformatics,01 Lab,02905,0,ARRGT,ARR ARR
MECH,103 Engineering Graphics,01,02907,2,TU14.50-15.40,VSCI 255
MECH,103 Engineering Graphics,02,02951,2,TH14.50-15.40,VSCI 255
MECH,103 Engineering Graphics,01 Lab,02908,0,TU16.15-18.45,VSCI 255
MECH,103 Engineering Graphics,02 Lab,02916,0,TH16.15-18.45,VSCI 255
MECH,211 Statics,01,02781,3,"TU,TH12-13.15",VMMC 214
MECH,251 Numerical Computing for Engineers,01,02805,2,"M,W12-12.50",VSCI 255
MECH,301 Thermodynamics,01,02782,3,"M,W14.50-16.05",VECS 105
MECH,303 Fluid Mechanics,01,02783,3,"TU,TH12-13.15",VECS 104
MECH,304 Introduction to Electronic Circuits,01,02806,3,"TU,TH13.25-14.40",VECS 104
MECH,309 [M] Introduction of Engineering Materials,01,02807,3,"M,W10.35-11.25",VSCI 12
MECH,309 [M] Introduction of Engineering Materials,01 Lab,02808,0,TU7.45-10.15,VSCI 158
MECH,309 [M] Introduction of Engineering Materials,02 Lab,02809,0,W7.45-10.15,VSCI 158
MECH,309 [M] Introduction of Engineering Materials,03 Lab,02810,0,TH7.45-10.15,VSCI 158
MECH,309 [M] Introduction of Engineering Materials,04 Lab,02836,0,F7.45-10.15,VSCI 158
MECH,402 Thermal Systems Design,01,02811,3,M12-12.50,VMMC 22
MECH,402 Thermal Systems Design,01 Lab,02812,0,"M,W13.25-15.55",VSCI 160
MECH,402 Thermal Systems Design,02 Lab,02813,0,"TU,TH10.35-13.05",VSCI 160
MECH,414 Machine Design II,01,02784,3,"TU,TH9.10-10.25",VECS 104
MECH,416 [M] Mechanical Systems Design I,01,02814,2,"TU,TH16.15-17.05",VECS 105
MECH,439 Foundations of Aerodynamics,01,02915,3,"M,W16.15-17.30",VECS 122
MECH,483 Topics in Mechanical Engineering,01,13042,3,"W,F12-13.15",VMMC 22
MECH,489 Material Failure in Mechanical Design,01,13041,3,"M,W9.10-10.25",VMMC 217
MECH,499 Special Problems,01,02953,1,ARRGT,ARR ARR
MECH,501 Digital Design and Manufacturing,01,02919,3,"TU,TH14.50-16.05",AMS VAN
MECH,532 Finite Elements,01,13047,3,"M,W10.35-11.50",VLIB 260
MECH,579 Advanced Topics in Design and Manufacturing,01,03036,3,"M,W9.10-10.25",VSCI 19
MECH,"700 Master's Research, Thesis, and/or Examination",01,02785,V,ARRGT,ARR ARR
MED_CLIN,522 Longitudinal Integrated Clerkship II,01,03247,14,ARRGT,ARR ARR
MED_LMH,521 Quality and Safety in Healthcare: Medical Errors,01,03248,1,ARRGT,ARR ARR
MED_LMH,531 Personal Leadership Development I,01,16306,1,ARRGT,ARR ARR
MGMT,301 Principles of Management and Organization,01,02418,3,"M,W13.25-14.40",VMMC 22
MGMT,301 Principles of Management and Organization,02,02419,3,TH18-20.45,VMMC 22
MGMT,401 Leading People and Organizations,01,02417,3,TH18-20.45,VUB 121
MGMT,456 [M] Evaluating and Rewarding Employees,01,02426,3,TU18-20.45,VMMC 23
MGMT,483 [M] Management of Innovation and Change,01,02439,3,"M,W9.10-10.25",VUB 121
MGMT,485 [M] Negotiation Skills,01,02427,3,"M,W14.50-16.05",VUB 121
MGMT,485 [M] Negotiation Skills,02,02440,3,W18-20.45,VUB 125
MGMT,487 Business Ethics and Corporate Responsibility,01,02428,3,"M,W16.15-17.30",VUB 121
MGMT,496 Seminar,01,12983,3,"M,W12-13.15",VMMC 214
MGTOP,215 Business Statistics,01,02420,4,"TU,TH16.15-17.30",VUB 121
MGTOP,215 Business Statistics,01 Lab,02421,0,"TU,TH17.45-18.40",VUB 100
MGTOP,340 Operations Management,01,02441,3,TU16.15-17.30,VMMC 22
MGTOP,340 Operations Management,02,02434,3,W16.15-17.30,VUB 125
MIL_SCI,101 The United States Army,01,02759,1,ARRGT,ARR ARR
MIL_SCI,201 Introduction to Leadership,01,02760,2,ARRGT,ARR ARR
MIL_SCI,301 Applied Leadership and Management,01,02761,3,ARRGT,ARR ARR
MIL_SCI,401 Advanced Military Leadership,01,02762,3,ARRGT,ARR ARR
MIL_SCI,499 Special Problems,01,02763,V,ARRGT,ARR ARR
MIL_SCI,499 Special Problems,02,13520,V,ARRGT,ARR ARR
MIL_SCI,499 Special Problems,03,13521,V,ARRGT,ARR ARR
MIL_SCI,499 Special Problems,04,13522,V,ARRGT,ARR ARR
MIS,250 Managing Information Technology,01,03190,3,"M,W9.10-10.25",VECS 104
MIS,250 Managing Information Technology,02,14794,3,"TU,TH14.50-16.05",VUB 125
MIS,322 [M] Enterprise Business Process Analysis,01,02406,3,"TU,TH9.10-10.25",VUB 121
MIS,325 Enterprise Business Development,01,02435,3,"TU,TH12-13.15",VUB 100
MIS,499 Special Problems,01,03059,V,ARRGT,ARR ARR
MIT,502 Assessment for Teaching and Learning,01,03108,3,TU17.45-20.30,VUB 124
MIT,505 Classroom Management Seminar,01,02963,3,W16.15-19.05,VUB 222
MIT,505 Classroom Management Seminar,02,03007,3,TH17-19.45,VUB 126
MIT,507 Teacher Inquiry and Praxis,01,03004,3,M17.45-20.30,VUB 122
MIT,530 Elementary School Social Studies Methods,01,02645,3,W8.35-11.25,VUB 107
MIT,532 Literacy Development II,01,02646,3,F8.35-11.25,VUB 107
MIT,533 Elementary School Mathematics Methods,01,02964,3,W12.35-15.25,VUB 226
MIT,534 Elementary School Science Methods,01,02965,3,F12.35-15.25,VUB 226
MIT,537 Problem Solving in Elementary Mathematics,01,02966,1,TH14.10-16,VUB 226
MIT,571 Pre-internship and Seminar,01,02647,2,TH16.15-17.45,VUB 222
MIT,571 Pre-internship and Seminar,02,02648,2,W17.45-19.15,VUB 122
MIT,571 Pre-internship and Seminar,01 Lab,02649,0,ARRGT,ARR ARR
MIT,571 Pre-internship and Seminar,02 Lab,02650,0,ARRGT,ARR ARR
MKTG,279 [COMM] Professional Persuasive Communications,01,13038,3,"M,W14.50-16.05",VMMC 23
MKTG,360 Marketing,01,02414,3,M16.15-17.30,VMMC 22
MKTG,360 Marketing,02,02415,3,W10.35-11.50,VECS 105
MKTG,379 Professional Sales,01,02416,3,"M,W14.50-16.05",VUB 107
MKTG,407 Consumer Behavior,01,02413,3,"M,W9.10-10.25",VECS 105
MKTG,480 Business to Business Marketing,01,03060,3,W18-20.45,VUB 225
MKTG,495 [M] Marketing Management,01,02407,3,W11.10-14,VUB 225
NEUROSCI,138 Neuroscience Seminar,01,03162,1,M9.10-10,VMMC 16
NEUROSCI,333 Techniques and Experimental Design in Neuroscience Research,01,02860,4,"TU,TH10.35-11.50",GUC VAN
NEUROSCI,333 Techniques and Experimental Design in Neuroscience Research,01 Lab,02861,0,M14.50-17.30,VSCI 114
NEUROSCI,403 [M] Cellular Neurobiology,01,02846,3,"M,W,F12-12.50",VLIB 260
NEUROSCI,495 Directed Research,01,02727,V,ARRGT,ARR ARR
NEUROSCI,499 Special Problems,01,02592,V,ARRGT,ARR ARR
NEUROSCI,531 Neuroscience Laboratory Rotation,01,02874,1,ARRGT,ARR ARR
NEUROSCI,590 Seminar,01,02606,1,F12.10-13.30,VMMC 102Q
NEUROSCI,592 Research Writing and Seminar,01,02886,2,TU15.30-17.30,VECS 309
NEUROSCI,592 Research Writing and Seminar,F15-16,VECS 309,Aug 24--Dec 11, ,""
NEUROSCI,"800 Doctoral Research, Dissertation, and/or Examination",01,02591,V,ARRGT,ARR ARR
NURS,360 Professional Nursing Concepts and Issues,01,02448,2,ARRGT,ARR ARR
NURS,360 Professional Nursing Concepts and Issues,02,02467,2,ARRGT,ARR ARR
NURS,365 Nursing Concepts: Assessment and Application of Physiological Concepts to Nursing Practice I,01,02449,2,ARRGT,ARR ARR
NURS,365 Nursing Concepts: Assessment and Application of Physiological Concepts to Nursing Practice I,02,02468,2,ARRGT,ARR ARR
NURS,400 [M] Nursing Research and Evidence-Based Practice,01,02452,3,ARRGT,ARR ARR
NURS,400 [M] Nursing Research and Evidence-Based Practice,02,02470,3,ARRGT,ARR ARR
NURS,405 Nursing Leadership,01,02450,2,ARRGT,ARR ARR
NURS,405 Nursing Leadership,02,02469,2,ARRGT,ARR ARR
NURS,440 [M] Population Health Theory,01,02451,3,ARRGT,ARR ARR
NURS,440 [M] Population Health Theory,02,02472,3,ARRGT,ARR ARR
NURS,462 Selected Nursing Concepts: Psychiatric/Mental Health,01,02453,2,ARRGT,ARR ARR
NURS,462 Selected Nursing Concepts: Psychiatric/Mental Health,02,02471,2,ARRGT,ARR ARR
NURS,465 Application of Population Health Principles,01,02462,3,ARRGT,ARR ARR
NURS,465 Application of Population Health Principles,02,02485,3,ARRGT,ARR ARR
NURS,465 Application of Population Health Principles,03,16307,3,ARRGT,ARR ARR
NURS,471 Foundations of Occupational and Environmental Health Practice,01,02514,3,ARRGT,ARR ARR
NURS,471 Foundations of Occupational and Environmental Health Practice,02,02515,3,ARRGT,ARR ARR
NURS,477 Health Care Ethics,01,02454,V,ARRGT,ARR ARR
NURS,477 Health Care Ethics,02,02473,V,ARRGT,ARR ARR
NURS,495 [CAPS] Advanced Practicum,01,02455,3,ARRGT,ARR ARR
NURS,495 [CAPS] Advanced Practicum,02,02486,3,ARRGT,ARR ARR
NURS,499 Special Problems,01,02456,V,ARRGT,ARR ARR
NURS,508 Diagnostics and Procedures for Primary Care Practice,01 Lab,02484,0,ARRGT,ARR ARR
NURS,508 Diagnostics and Procedures for Primary Care Practice,02 Lab,13495,0,ARRGT,ARR ARR
NURS,553 Organizational Systems and Leadership II,01 Lab,02505,0,ARRGT,ARR ARR
NURS,553 Organizational Systems and Leadership II,02 Lab,02506,0,ARRGT,ARR ARR
NURS,555 PMHNP Practicum I,01 Lab,02507,0,ARRGT,ARR ARR
NURS,555 PMHNP Practicum I,02 Lab,02508,0,ARRGT,ARR ARR
NURS,558 DNP Project II,01 Lab,02460,0,ARRGT,ARR ARR
NURS,558 DNP Project II,02 Lab,02504,0,ARRGT,ARR ARR
NURS,562 Advanced Health Assessment and Differential Diagnoses,01 Lab,02511,0,TU8.10-11,ARR ARR
NURS,562 Advanced Health Assessment and Differential Diagnoses,TU8.10-11,ARR ARR,Sep 22--Sep 22, ,""
NURS,562 Advanced Health Assessment and Differential Diagnoses,TU8.10-11,ARR ARR,Oct 20--Oct 20, ,""
NURS,562 Advanced Health Assessment and Differential Diagnoses,W8.10-11,ARR ARR,Nov 18--Nov 18, ,""
NURS,562 Advanced Health Assessment and Differential Diagnoses,TU8.10-11,ARR ARR,Dec 01--Dec 01, ,""
NURS,562 Advanced Health Assessment and Differential Diagnoses,TU9.30-15,ARR ARR,Dec 15--Dec 15, ,""
NURS,562 Advanced Health Assessment and Differential Diagnoses,02 Lab,15658,0,TU11.10-14,ARR ARR
NURS,562 Advanced Health Assessment and Differential Diagnoses,TU11.10-14,ARR ARR,Sep 22--Sep 22, ,""
NURS,562 Advanced Health Assessment and Differential Diagnoses,TU11.10-14,ARR ARR,Oct 20--Oct 20, ,""
NURS,562 Advanced Health Assessment and Differential Diagnoses,W11.10-14,ARR ARR,Nov 18--Nov 18, ,""
NURS,562 Advanced Health Assessment and Differential Diagnoses,TU11.10-14,ARR ARR,Dec 01--Dec 01, ,""
NURS,562 Advanced Health Assessment and Differential Diagnoses,TU9.30-15,ARR ARR,Dec 15--Dec 15, ,""
NURS,562 Advanced Health Assessment and Differential Diagnoses,03 Lab,03212,0,TU14.10-17,ARR ARR
NURS,562 Advanced Health Assessment and Differential Diagnoses,TU14.10-17,ARR ARR,Sep 22--Sep 22, ,""
NURS,562 Advanced Health Assessment and Differential Diagnoses,TU14.10-17,ARR ARR,Oct 20--Oct 20, ,""
NURS,562 Advanced Health Assessment and Differential Diagnoses,W14.10-17,ARR ARR,Nov 18--Nov 18, ,""
NURS,562 Advanced Health Assessment and Differential Diagnoses,TU14.10-17,ARR ARR,Dec 01--Dec 01, ,""
NURS,562 Advanced Health Assessment and Differential Diagnoses,TU9.30-15,ARR ARR,Dec 15--Dec 15, ,""
NURS,576 Organizational Systems and Leadership I,01 Lab,03024,0,ARRGT,ARR ARR
NURS,576 Organizational Systems and Leadership I,02 Lab,03026,0,ARRGT,ARR ARR
NURS,583 DNP Population Health Practicum,01,02487,V,ARRGT,ARR ARR
NURS,583 DNP Population Health Practicum,02,02500,V,ARRGT,ARR ARR
NURS,597 Advanced Topics in Nursing,01,02513,V,ARRGT,ARR ARR
NURS,599 Independent Study,01,02509,V,ARRGT,ARR ARR
NURS,599 Independent Study,02,02516,V,ARRGT,ARR ARR
PHYSICS,101 [PSCI] General Physics,01 Lab,02729,0,TH7.45-10.25,VCLS 150
PHYSICS,101 [PSCI] General Physics,02 Lab,02730,0,TH10.35-13.15,VCLS 150
PHYSICS,101 [PSCI] General Physics,03 Lab,02731,0,TH13.25-16.05,VCLS 150
PHYSICS,101 [PSCI] General Physics,04 Lab,03228,0,TH17.45-20.25,VCLS 150
PHYSICS,201 [PSCI] Physics for Scientists and Engineers I,01,02732,4,"M,W,F8.10-9",VUB 1
PHYSICS,201 [PSCI] Physics for Scientists and Engineers I,01 Lab,02733,0,M14.50-17.30,VCLS 150
PHYSICS,201 [PSCI] Physics for Scientists and Engineers I,02 Lab,02734,0,M17.45-20.25,VCLS 150
PHYSICS,201 [PSCI] Physics for Scientists and Engineers I,03 Lab,02850,0,TU7.45-10.25,VCLS 150
PHYSICS,202 [PSCI] Physics for Scientists and Engineers II,01 Lab,03199,0,F10.35-13.15,VCLS 150
POL_S,101 [SSCI] American National Government,01,02607,3,"TU,TH10.35-11.50",VMMC 1
POL_S,101 [SSCI] American National Government,03,16068,3,"TU,TH13.25-14.40",VLIB 264
POL_S,103 [SSCI] International Politics,01,03068,3,"TU,TH12-13.15",VMMC 1
POL_S,103 [SSCI] International Politics,03,16070,3,"TU,TH9.10-10.25",VLIB 264
POL_S,300 The American Constitution,01,02887,3,"M,W12-13.15",VLIB 261
POL_S,301 Political Simulations,01,03005,3,"M,W14.50-16.05",VMMC 214
POL_S,316 American Public Policy,01,02608,3,"M,W9.10-10.25",VDEN 129
POL_S,420 Political Parties and Interest Groups,01,13060,3,"M,W13.25-14.40",VLIB 260
POL_S,424 [M] US National Security Policy,01,14881,3,"TU,TH14.50-16.05",VLIB 264
POL_S,"700 Master's Research, Thesis, and/or Examination",01,02594,V,ARRGT,ARR ARR
PREV_SCI,512 Finite and Growth Mixture Modeling,01,12093,3,"TU,TH14.55-16.10",VECS 122
PREV_SCI,"700 Master's Research, Thesis, and/or Examination",01,02829,V,ARRGT,ARR ARR
PREV_SCI,"800 Doctoral Research, Dissertation, and/or Examination",01,02830,V,ARRGT,ARR ARR
PSYCH,110 Introduction to Addiction Studies,01,02613,3,"M,W9.10-10.25",VDEN 110
PSYCH,210 Psychology as a Science,01,02859,3,ARRGT,ARR ARR
PSYCH,265 Biopsychological Effects of Alcohol and Other Drugs,01,02818,3,ARRGT,ARR ARR
PSYCH,306 Industrial Psychology,01,13506,3,ARRGT,ARR ARR
PSYCH,308 Organizational Psychology,01,02970,3,ARRGT,ARR ARR
PSYCH,312 [M] Research Methods in Psychology,01,02614,4,ARRGT,ARR ARR
PSYCH,328 [M] Self Control,01,13527,3,"M,W10.35-11.50",VMMC 219
PSYCH,333 Abnormal Psychology,01,02617,3,ARRGT,ARR ARR
PSYCH,342 Assessment and Treatment of Dual Diagnosis,01,02618,3,ARRGT,ARR ARR
PSYCH,350 Social Psychology,01,02619,3,ARRGT,ARR ARR
PSYCH,350 Social Psychology,02,03178,3,"TU,TH12-13.15",VDEN 110
PSYCH,361 Developmental Psychology,01,02621,3,ARRGT,ARR ARR
PSYCH,372 [BSCI] Biological Basis of Behavior,01,02971,3,"M,W12-13.15",GUC VAN
PSYCH,403 Multicultural Psychology,01,14812,3,ARRGT,ARR ARR
PSYCH,490 Cognition and Memory,01,02972,3,ARRGT,ARR ARR
PSYCH,496 Cooperative Education Internship,01,02623,V,ARRGT,ARR ARR
PSYCH,497 Instructional Practicum,01,02624,V,ARRGT,ARR ARR
PSYCH,498 Research Participation,01,02625,V,ARRGT,ARR ARR
PSYCH,499 Special Problems,01,02626,V,ARRGT,ARR ARR
PSYCH,514 Psychometrics,01,13600,3,"TU,TH14.55-16.10",VCLS 208J
PSYCH,518 Lifespan Developmental Psychology,01,13620,3,"TU,TH13.30-14.45",VCLS 208J
PSYCH,577 Behavioral Pharmacology,01,15455,3,"TU,TH13.30-14.45",VECS 209
PSYCH,"700 Master's Research, Thesis, and/or Examination",01,02536,V,ARRGT,ARR ARR
PSYCH,"800 Doctoral Research, Dissertation, and/or Examination",01,02537,V,ARRGT,ARR ARR
SOC,101 [SSCI] Introduction to Sociology,01,02627,3,"M,W13.25-14.40",VMMC 6
SOC,320 Introduction to Social Research,01,02628,3,"W,F10.35-11.50",VMMC 16
SOC,340 [DIVR] Social Inequality,01,02920,3,"TU,TH12-13.15",VUB 125
SOC,350 Social Psychology,01,02620,3,ARRGT,ARR ARR
SOC,350 Social Psychology,02,03179,3,"TU,TH12-13.15",VDEN 110
SOC,351 [DIVR] The Family,01,02629,3,M10.35-11.50,VMMC 16
SOC,361 [DIVR] Criminology,01,02631,3,"TU,TH10.35-11.50",VMMC 16
SOC,362 Juvenile Delinquency,01,02957,3,ARRGT,ARR ARR
SOC,384 Sociology of Gender,01,13442,3,"M,W12-13.15",VMMC 6
SOC,495 [CAPS] [M] Internship Capstone,01,02538,3,ARRGT,ARR ARR
SOC,"800 Doctoral Research, Dissertation, and/or Examination",01,02539,V,ARRGT,ARR ARR
SOE,"110 [BSCI] The Environment, Human Life, and Sustainability",01,02704,4,"W,F12-13.15",VECS 104
SOE,"110 [BSCI] The Environment, Human Life, and Sustainability",01 Lab,02705,0,TH7.45-10.25,VSCI 101
SOE,"110 [BSCI] The Environment, Human Life, and Sustainability",02 Lab,02706,0,TH10.35-13.15,VSCI 101
SOE,"110 [BSCI] The Environment, Human Life, and Sustainability",03 Lab,02707,0,TH13.25-16.05,VSCI 101
SOE,390 Living on the Edge: Global Climate Change and Earth History,01,02906,3,"M,W13.25-14.40",VECS 122
SOE,444 Environmental Assessment,01,02708,3,TH13.25-14.40,VECS 120
SOE,445 Hazardous Waste Management,01,13514,3,"TU,TH16.15-17.30",VMMC 202Q
SOE,476 Biology and Ecology of Pacific Salmon,01,03192,3,"TU,TH16.25-17.40",VECS 209
SOE,499 Special Problems,01,02589,V,ARRGT,ARR ARR
SOE,510 Species Distribution Modeling,01,15517,3,"TU,TH9.10-10.25",VMMC 202Q
SOE,526 Ecology of the Columbia River,01,14906,3,W12-14.50,VECS 125
SOE,544 Environmental Assessment,01,02709,3,TH13.25-14.40,VECS 120
SOE,545 Hazardous Waste Management,01,13515,3,"TU,TH16.15-17.30",VMMC 202Q
SOE,576 Biology and Ecology of Pacific Salmon,01,03193,3,"TU,TH16.25-17.40",VECS 209
SOE,598 Seminar,01,03095,1,ARRGT,ARR ARR
SOE,"700 Master's Research, Thesis, and/or Examination",01,02586,V,ARRGT,ARR ARR
SOE,"800 Doctoral Research, Dissertation, and/or Examination",01,02587,V,ARRGT,ARR ARR
SPANISH,101 First Semester,01,02744,4,"TU,TH13.25-14.40",VUB 124
SPANISH,101 First Semester,TH14.50-15.40,VCLS 224,Aug 24--Dec 11, ,""
SPANISH,101 First Semester,02,02745,4,"M,W,F12-12.50",VUB 126
SPANISH,101 First Semester,W14.50-15.40,VCLS 224,Aug 24--Dec 11, ,""
SPANISH,203 Third Semester,01 Lab,02748,0,ARRGT,ARR ARR
SPANISH,499 Special Problems,01,12768,V,ARRGT,ARR ARR
SPEC_ED,301 Education of Exceptional Children,01,02632,3,ARRGT,ARR ARR
SPEC_ED,401 Teaching Students with Disabilities,01,02633,3,ARRGT,ARR ARR
SPEC_ED,404 Professional Skills in Special Education,01,02634,3,ARRGT,ARR ARR
SPEC_ED,409 Early Childhood Special Education,01,02635,3,ARRGT,ARR ARR
SPEC_ED,421 Inclusion Strategies for Special Education Teachers,01,02636,3,ARRGT,ARR ARR
SPEC_ED,591 Response to Intervention Across the Core Academic Curriculum,01,12982,3,W17.45-20.30,VECS 209
SPEC_ED,596 Seminar in Quality Indicators for Research in Special Education,01,03202,1,W16.10-17,VMMC 102Q
STAT,212 [QUAN] Introduction to Statistical Methods,01,02764,4,"M,W9.10-10.25",VUB 226
STAT,212 [QUAN] Introduction to Statistical Methods,01 Lab,02765,0,"TU,TH9.10-10",VCLS 224
STAT,360 Probability and Statistics,01,02766,3,"TU,TH9.10-10.25",VMMC 219
STAT,360 Probability and Statistics,02,02767,3,"TU,TH10.35-11.50",VMMC 23
STAT,360 Probability and Statistics,03,02928,3,"TU,TH13.25-14.40",VMMC 23
STAT,423 Statistical Methods for Engineers and Scientists,01,02768,3,"W,F10.35-11.50",VECS 125
STAT,435 [M] Statistical Modeling for Data Analytics,02,15431,3,"M,W14.10-15",VECS 209
STAT,435 [M] Statistical Modeling for Data Analytics,02 Lab,15432,0,F15.10-17,VECS 120
STAT,443 Applied Probability,01,13535,3,"TU,TH9.10-10.25",AMS VAN
STAT,446 Statistical Applications in Insurance,01,15068,3,ARRGT,ARR ARR
STAT,523 Statistical Methods for Engineers and Scientists,01,02769,3,"W,F10.35-11.50",VECS 125
STAT,536 Statistical Computing,01,03221,3,"M,W15.10-16",VMMC 202Q
STAT,536 Statistical Computing,01 Lab,03222,0,F15.10-16,ARR ARR
STAT,572 Quality Control,01,15514,3,"M,W,F10.10-11",VMMC 202Q
STAT,576 Bayesian Analysis,01,15515,3,"TU,TH12.05-13.20",VMMC 102Q
STAT,591 Seminar in Statistics,01,03230,1,W16.10-17,VMMC 202Q
STAT,"800 Doctoral Research, Dissertation, and/or Examination",01,03229,V,ARRGT,ARR ARR
TCH_LRN,305 Fundamentals of Instruction,01,02637,2,"M,F8.10-9",VUB 221
TCH_LRN,307 Survey of Children's Literature,01,02855,3,W11.10-14,VUB 221
TCH_LRN,310 [M] Classroom Management,01,02638,2,M8.10-10,VUB 225
TCH_LRN,322 [M] Reading and Writing in Grades 4 - 8,01,03127,3,W17.10-19.55,VUB 221
TCH_LRN,330 Diversity in Education,01,02930,3,M11.10-14,VUB 221
TCH_LRN,333 Introduction to English as a Second Language (ESL),01,02639,3,F11.10-14,VUB 225
TCH_LRN,339 Communicating in Diverse Classrooms,01,02640,3,W14.10-17,VUB 221
TCH_LRN,339 Communicating in Diverse Classrooms,02,13631,3,M16.30-18.30,ARR ARR
TCH_LRN,371 Teaching Elementary Science,01,13632,3,TH16.30-19.30,ARR ARR
TCH_LRN,402 Instructional Practicum I,01,02658,1,F14.10-15,VUB 221
TCH_LRN,409 Fundamentals of Curriculum and Assessment for Teaching English Language Learners,01,15562,3,ARRGT,ARR ARR
TCH_LRN,415 Student Teaching,01,02641,V,M17.45-20,VUB 303
TCH_LRN,415 Student Teaching,01 Lab,02642,0,ARRGT,ARR ARR
TCH_LRN,433 Middle Level Mathematics Methods,01,02898,3,M16.45-19.30,AMS VAN
TCH_LRN,434 Conceptualization of Proportional Thinking,01,02643,3,TH16.15-19,AMS VAN
TCH_LRN,445 Elementary Methods of Educational Technology,01,02962,2,"M,F9.10-10",VUB 221
TCH_LRN,445 Elementary Methods of Educational Technology,02,13633,2,TU18.30-19.30,ARR ARR
TCH_LRN,445 Elementary Methods of Educational Technology,01 Lab,02978,0,ARRGT,ARR ARR
TCH_LRN,445 Elementary Methods of Educational Technology,02 Lab,13634,0,ARRGT,ARR ARR
TCH_LRN,490 [CAPS] Advanced Practicum for Elementary Teachers,01,02644,3,M14.10-16.30,VUB 221
TCH_LRN,490 [CAPS] Advanced Practicum for Elementary Teachers,02,12749,3,M14.10-16.30,VUB 222
TCH_LRN,490 [CAPS] Advanced Practicum for Elementary Teachers,03,15951,3,M18.40-19.55,ARR ARR
TCH_LRN,512 Language and Cultural Factors in Mathematics,01,12925,3,TH16.20-19.05,VECS 122
TCH_LRN,544 Teaching Children's and Young Adult Literature,01,13977,3,W17.15-20,AMS VAN
TCH_LRN,584 Research in Teaching Mathematics and Science,01,12924,3,W17.45-20.30,VECS 309
TCH_LRN,600 Special Projects or Independent Study,01,02652,4,ARRGT,ARR ARR
UNIV,104 First-Year Success Seminar,01,02826,2,F12-13.50,VDEN 110
UNIV,104 First-Year Success Seminar,02,02828,2,F12-13.50,VUB 222
UNIV,104 First-Year Success Seminar,03,02921,2,F12-13.50,VUB 107
UNIV,104 First-Year Success Seminar,04,02922,2,F12-13.50,VUB 221
UNIV,104 First-Year Success Seminar,05,02923,2,F12-13.50,VUB 121
UNIV,104 First-Year Success Seminar,06,03002,2,F12-13.50,VUB 125
UNIV,104 First-Year Success Seminar,07,14824,2,F12-13.50,VLIB 261
UNIV,104 First-Year Success Seminar,08,14825,2,F12-13.50,VLIB 265
UNIV,104 First-Year Success Seminar,09,15488,2,TU14.50-16.05,VMMC 214
UNIV,104 First-Year Success Seminar,10,15489,2,TU14.50-16.05,VUB 226
UNIV,300 Accessing Information for Research,01,02751,1,ARRGT,ARR ARR
UNIV,301 Career Exploration and Professional Development,01,13541,1,M16.15-17.05,VLIB 261
UNIV,301 Career Exploration and Professional Development,03,15565,1,M16.15-17.05,VLIB 265
UNIV,304 Transfer Student Seminar,01,14860,2,F12-13.50,VLIB 264
UNIV,398 Internship,01,02657,V,ARRGT,ARR ARR
UNIV,398 Internship,02,03197,V,ARRGT,ARR ARR
WOMEN_ST,"101 [DIVR] Introduction to Women's, Gender, and Sexuality Studies",01,02958,3,"TU,TH10.35-11.50",VMMC 217
WOMEN_ST,309 Women Writers,01,13441,3,"TU,TH14.50-16.05",VUB 222
WOMEN_ST,316 [DIVR] Gender in Cross Cultural Perspective,02,03135,3,ARRGT,ARR ARR
WOMEN_ST,351 [DIVR] The Family,01,02630,3,M10.35-11.50,VMMC 16
WOMEN_ST,384 Sociology of Gender,01,13440,3,"M,W12-13.15",VMMC 6
WOMEN_ST,"399 [DIVR] Lesbian and Gay History: Culture, Politics and Social Change in the US",01,13439,3,"M,W9.10-10.25",VLIB 201
WRIT,103 Writing Collaborative for History 105 or 305,01,03225,1,TH13.25-14.15,VUB 126
WRIT,103 Writing Collaborative for History 105 or 305,02,03226,1,F12-12.50,VUB 124
WRIT,103 Writing Collaborative for History 105 or 305,03,03227,1,ARRGT,ARR ARR
WRIT,302 Advanced Writing Collaborative,01,03120,1,W13.25-14.15,VUB 124
WRIT,302 Advanced Writing Collaborative,02,03121,1,TH10.35-11.25,VUB 222
WRIT,302 Advanced Writing Collaborative,03,03122,1,ARRGT,ARR ARR
