Prefix,Course Number,Course Title,Section,Class Number,Credit,Days & Times,Bldg & Room,Dates,Instructor
ACCTG,230,Introduction to Financial Accounting,01,03680,3,"M,TU,W,TH,F10.30-11.45",WEB ARR,May 10--Jun 18,H Yan
ACCTG,230,Introduction to Financial Accounting,03,03864,3,"M,TU,W,TH,F10.30-11.45",WEB ARR,Jun 21--Jul 30,D Ferguson
ACCTG,231,Introduction to Managerial Accounting,01,03681,3,"M,TU,W,TH,F10.30-11.45",WEB ARR,May 10--Jun 18,A Bross
ACCTG,231,Introduction to Managerial Accounting,02,03865,3,"M,TU,W,TH,F10.30-11.45",WEB ARR,Jun 21--Jul 30,K Yonce
ACCTG,330,Intermediate Accounting I,01,03682,3,"M,TU,W,TH,F10.30-11.45",WEB ARR,May 10--Jun 18,L Fu
ACCTG,498,Accounting Internship,01,"",V,ARRGT,ARR ARR,May 10--Jul 30,S Gill
AG_ED,497,Internship in Agricultural Education,01,"",V,ARRGT,"",May 10--Jul 30,J Baser
AG_ED,497,Internship in Agricultural Education,02,"",V,ARRGT,"",May 10--Jul 30,A Warner
AG_ED,499,Special Problems,01,"",V,ARRGT,ARR ARR,May 10--Jul 30,A Warner
AGRI,700,"Master's Research, Thesis, and/or Examination",01,02992,V,ARRGT,ARR ARR,May 10--Jul 30,""
AGRI,702,"Master's Special Problems, Directed Study, and/or Examination",01,02993,V,ARRGT,ARR ARR,May 10--Jul 30,(multiple)
AGTM,201,Metal Fabrication,01,03665,3,"M,W,F12.10-13",ELB 2,May 10--Jun 18,J Baser
AGTM,201,Metal Fabrication,01 Lab,03667,0,"M,TU,W,TH,F13.10-16",ELB 59,May 10--Jun 18,J Baser
AGTM,202,Welding,01,07668,1,"M,W,F12.10-13",ELB 2,May 10--May 21,J Baser
AGTM,202,Welding,01 Lab,07670,0,"M,TU,W,TH,F13.10-16",ELB 59,May 10--May 21,J Baser
AGTM,203,Machining,01 Lab,07674,0,"M,TU,W,TH,F13.10-16",ELB 59,May 24--Jun 04,J Baser
AGTM,204,Metal Fabrication,01,07676,1,"M,W,F12.10-13",ELB 2,Jun 07--Jun 18,J Baser
AGTM,204,Metal Fabrication,01 Lab,07678,0,"M,TU,W,TH,F13.10-16",ELB 59,Jun 07--Jun 18,J Baser
AGTM,481,Independent Research,01,"",V,ARRGT,ARR ARR,May 10--Jul 30,T Wheeler
AGTM,481,Independent Research,02,"",V,ARRGT,ARR ARR,May 10--Jul 30,J Baser
AGTM,495,Internship in Agricultural Technology and Management,01,"",V,ARRGT,ARR ARR,May 10--Jul 30,T Wheeler
AGTM,495,Internship in Agricultural Technology and Management,02,"",V,ARRGT,ARR ARR,May 10--Jul 30,J Baser
AGTM,499,Special Problems,01,"",V,ARRGT,ARR ARR,May 10--Jul 30,T Wheeler
AGTM,499,Special Problems,02,"",V,ARRGT,ARR ARR,May 10--Jul 30,J Baser
AMDT,498,Special Topics,01,03528,V,ARRGT,ARR ARR,May 10--Jul 30,S Hiscock
AMDT,499,Special Problems,01,"",V,ARRGT,ARR ARR,May 10--Jul 30,S Hiscock
AMDT,700,"Master's Research, Thesis, and/or Examination",01,03422,V,ARRGT,ARR ARR,May 10--Jul 30,C Hwang
AMDT,700,"Master's Research, Thesis, and/or Examination",02,03586,V,ARRGT,ARR ARR,May 10--Jul 30,H Liu
AMDT,700,"Master's Research, Thesis, and/or Examination",03,03587,V,ARRGT,ARR ARR,May 10--Jul 30,T Chi
AMDT,700,"Master's Research, Thesis, and/or Examination",04,03590,V,ARRGT,ARR ARR,May 10--Jul 30,J Son
AMDT,702,"Master's Special Problems, Directed Study and/or Examination",01,03426,V,ARRGT,ARR ARR,May 10--Jul 30,H Liu
AMDT,702,"Master's Special Problems, Directed Study and/or Examination",02,08590,V,ARRGT,ARR ARR,May 10--Jul 30,J Son
AMER_ST,216,Introduction to American Cultural Studies,01,07337,3,"M,TU,W,TH,F10-11.25",WEB ARR,Jun 21--Jul 30,T Carrasco
AMER_ST,800,"Doctoral Research, Dissertation, and/or Examination",01,03000,V,ARRGT,ARR ARR,May 10--Jul 30,(multiple)
ANIM_SCI,399,Practicum,01,"",V,ARRGT,ARR ARR,May 10--Jul 30,G Murdoch
ANIM_SCI,504,Special Topics,01,08600,V,ARRGT,ARR ARR,May 10--Jul 30,M Maquivar
ANTH,101,[DIVR] Introduction to Anthropology,01,03671,3,"M,TU,W,TH,F10.30-11.45",WEB ARR,May 10--Jun 18,D Weber
ANTH,101,[DIVR] Introduction to Anthropology,03,03856,3,"M,TU,W,TH,F10.30-11.45",WEB ARR,Jun 21--Jul 30,J Rumberger
ANTH,201,[HUM] Art and Society,01,03855,3,"M,TU,W,TH,F12-13.15",WEB ARR,Jun 21--Jul 30,P Moonkham
ANTH,201,[HUM] Art and Society,02,07023,3,"M,TU,W,TH,F12-13.15",WEB ARR,May 10--Jun 18,E Deelen
ANTH,300,Field Methods,01,"",V,ARRGT,ARR ARR,May 10--Jun 18,K Lokensgard
ANTH,300,Field Methods,02,"",V,ARRGT,ARR ARR,Jun 21--Jul 30,K Lokensgard
ANTH,300,Field Methods,03,"",V,ARRGT,ARR ARR,Jun 21--Jul 30,""
ANTH,316,[DIVR] Gender in Cross Cultural Perspective,01,03857,3,"M,TU,W,TH,F10.30-11.45",WEB ARR,Jun 21--Jul 30,H Macintyre
ANTH,399,Archaeological Field School,01,"",V,ARRGT,ARR ARR,May 10--Jul 30,S Tushingham
ANTH,495,Research Practicum,01,"",V,ARRGT,ARR ARR,Jun 21--Jul 30,K Lokensgard
ANTH,495,Research Practicum,02,"",V,ARRGT,ARR ARR,May 10--Jul 30,K Lokensgard
ANTH,498,Anthropology Internship,01,"",V,ARRGT,ARR ARR,May 10--Jul 30,(multiple)
ANTH,499,Special Problems,01,"",V,ARRGT,ARR ARR,May 10--Jul 30,R Horowitz
ANTH,500,Field Methods,01,03003,V,ARRGT,ARR ARR,May 10--Jul 30,""
ANTH,599,Archaeological Field School,01,"",V,ARRGT,ARR ARR,May 10--Jul 30,S Tushingham
ANTH,600,Special Projects or Independent Study,01,"",V,ARRGT,ARR ARR,May 10--Jul 30,""
ANTH,700,"Master's Research, Thesis, and/or Examination",01,03006,V,ARRGT,ARR ARR,May 10--Jul 30,(multiple)
ANTH,800,"Doctoral Research, Dissertation, and/or Examination",01,03007,V,ARRGT,ARR ARR,May 10--Jul 30,(multiple)
ARCH,510,Summer Graduate Design Studio,01,07722,6,"M,TU,W,TH8-13",WEB ARR,Jun 07--Jul 23,J Abell
ARCH,510,Summer Graduate Design Studio,02,07723,6,"M,TU,W,TH9-14",WEB ARR,May 17--Jul 02,A Rahmani
ARCH,580,Architecture Practicum,01,07640,V,ARRGT,ARR ARR,May 10--Jul 30,O Al-Hassawi
ARCH,580,Architecture Practicum,02,07716,V,ARRGT,ARR ARR,Jul 31--Aug 22,O Al-Hassawi
ATH_T,575,Pharmacology in Athletic Training,01,07537,3,"M,TU,W,TH,F10.45-12.15",SGYM 214A,May 17--Jun 18,K Pietz
ATH_T,595,Leadership and Communication in Athletic Training,01,07538,3,"M,TU,W,TH,F9-10.15",SGYM 214A,May 17--Jun 18,K Hildenbrand
B_A,102,Exploring Careers in Business,01,04088,1,"TU,TH9.10-10",WEB ARR,May 10--Jun 18,M Chapman
B_A,204,Spreadsheets,01,08478,1,"M,TU,W,TH,F10.30-11.45",WEB ARR,May 10--May 21,B Amer
B_A,205,Data Visualization,02,08479,1,"M,TU,W,TH,F10.30-11.45",WEB ARR,May 24--Jun 05,B Amer
B_A,206,Decision Analysis,01,08480,1,"M,TU,W,TH,F10.30-11.45",WEB ARR,Jun 07--Jun 18,B Amer
BIO_ENG,488,Professional Practice Coop/Internship I,01,"",V,ARRGT,ARR ARR,May 10--Jul 30,S Brabb
BIO_ENG,495,Internship in Bioengineering,01,"",V,ARRGT,ARR ARR,May 10--Jul 30,A Vasavada
BIO_ENG,499,Special Problems in Bioengineering,01,"",V,ARRGT,ARR ARR,May 10--Jul 30,(multiple)
BIOLOGY,106,[BSCI] Introductory Biology: Organismal Biology,01,03672,4,"M,TU,W,TH,F12-13.15",WEB ARR,May 10--Jun 18,H Mcisaac
BIOLOGY,106,[BSCI] Introductory Biology: Organismal Biology,01 Lab,03673,0,"TU,TH9-12",WEB ARR,May 10--Jun 18,H Mcisaac
BIOLOGY,106,[BSCI] Introductory Biology: Organismal Biology,02 Lab,03674,0,"TU,TH13.30-16.30",WEB ARR,May 10--Jun 18,H Mcisaac
BIOLOGY,106,[BSCI] Introductory Biology: Organismal Biology,03 Lab,03675,0,"TU,TH18-21",WEB ARR,May 10--Jun 18,H Mcisaac
BIOLOGY,107,[BSCI] Introductory Biology: Cell Biology and Genetics,01,07735,4,"M,TU,W,TH,F10.30-11.20",WEB ARR,May 10--Jul 02,J Hinz
BIOLOGY,107,[BSCI] Introductory Biology: Cell Biology and Genetics,01 Lab,07736,0,"M,W12.30-15.30",WEB ARR,May 10--Jul 02,J Hinz
BIOLOGY,107,[BSCI] Introductory Biology: Cell Biology and Genetics,02 Lab,07737,0,"TU,TH12.30-15.30",WEB ARR,May 10--Jul 02,J Hinz
BIOLOGY,107,[BSCI] Introductory Biology: Cell Biology and Genetics,03 Lab,"",0,ARRGT,ARR ARR,May 10--Jul 30,J Hinz
BIOLOGY,251,Introductory Human Physiology,01,07729,4,"M,TU,W,TH,F9-9.50",WEB ARR,Jun 07--Jul 30,E Johnson
BIOLOGY,251,Introductory Human Physiology,01 Lab,07730,0,"TU,TH14.10-17",WEB ARR,Jun 07--Jul 30,E Johnson
BIOLOGY,251,Introductory Human Physiology,02 Lab,07731,0,"TU,TH10.40-13.30",WEB ARR,Jun 07--Jul 30,E Johnson
BIOLOGY,251,Introductory Human Physiology,03 Lab,07732,0,"TU,TH18-21",WEB ARR,Jun 07--Jul 30,E Johnson
BIOLOGY,495,"Internship in Biology, Botany, and Zoology",01,"",V,ARRGT,ARR ARR,May 10--Jul 30,(multiple)
BIOLOGY,700,"Master's Research, Thesis, and/or Examination",01,03015,V,ARRGT,ARR ARR,May 10--Jul 30,J Brunner
BIOLOGY,800,"Doctoral Research, Dissertation, and/or Examination",01,03016,V,ARRGT,ARR ARR,May 10--Jul 30,(multiple)
BSYSE,700,"Master's Research, Thesis, and/or Examination",01,03017,V,ARRGT,ARR,May 10--Jul 30,(multiple)
BSYSE,800,"Doctoral Research, Dissertation, and/or Examination",01,03019,V,ARRGT,ARR,May 10--Jul 30,(multiple)
CAS,400,End-of-Program Evaluation Portfolio,01,"",1,ARRGT,ARR ARR,May 10--Jul 30,A Rocha
CE,211,Statics,01,07417,3,"M,TU,W,TH,F13.30-15.30",WEB ARR,May 10--Jun 04,S Amarasiri
CE,215,Mechanics of Materials,01,07418,3,"M,TU,W,TH,F10.30-11.30",WEB ARR,Jun 07--Jul 30,J Cheng
CE,302,Introduction to Surveying,01,07420,2,"M,TU,W,TH,F7.30-8.30",SPRK G0045,May 10--May 28,K Olsen
CE,302,Introduction to Surveying,01 Lab,07421,0,"M,TU,W,TH,F8.40-11.10",SLOA 235,May 10--May 28,K Olsen
CE,302,Introduction to Surveying,02 Lab,07422,0,"M,TU,W,TH,F11.30-14",SLOA 235,May 10--May 28,K Olsen
CE,414,Structural Design Loads and Load Paths,01,07423,3,"M,TU,W,TH,F9-11",WEB ARR,May 10--Jun 04,A Manawadu
CE,463,Engineering Administration,01,07419,3,"M,TU,W,TH,F14.10-16.40",WEB ARR,May 10--May 28,R Petersen
CE,488,Professional Practice Coop/Internship I,01,"",V,ARRGT,ARR ARR,May 10--Jul 30,S Brabb
CE,495,Engineering Experience,01,"",V,ARRGT,ARR ARR,May 10--Jul 30,""
CE,543,Advanced Topics in Environmental Engineering Practice,01,"",V,ARRGT,ARR ARR,May 10--Jun 27,T Ginn
CE,600,Special Projects or Independent Study,01,03588,V,ARRGT,ARR ARR,May 10--Jul 30,""
CE,700,"Master's Research, Thesis and/or Examination",01,03199,V,ARRGT,ARR ARR,May 10--Jul 30,(multiple)
CE,702,"Master's Special Problems, Directed Study, and/or Examination",01,03200,V,ARRGT,ARR ARR,May 10--Jul 30,(multiple)
CE,800,"Doctoral Research, Dissertation, and/or Examination",01,03201,V,ARRGT,ARR ARR,May 10--Jul 30,(multiple)
CES,101,[DIVR] Introduction to Comparative Ethnic Studies,01,07701,3,"M,TU,W,TH,F13.30-15",SPRK 327,Jun 28--Jul 30,S Martin
CES,216,Introduction to American Cultural Studies,01,08438,3,"M,TU,W,TH,F10-11.25",WEB ARR,Jun 21--Jul 30,T Carrasco
CHE,201,Chemical Process Principles and Calculations,01,03859,3,"M,TU,W,TH,F10.30-11.45",WEB ARR,Jun 21--Jul 30,S Ha
CHE,461,Introduction to Nuclear Engineering,01,04102,3,"M,TU,W,TH,F16.30-17.45",WEB ARR,Jun 21--Jul 30,D Koch
CHE,488,Professional Practice Coop/Internship I,01,"",V,ARRGT,ARR ARR,May 10--Jul 30,S Brabb
CHE,495,Chemical Engineering Internship,01,"",2,ARRGT,ARR ARR,May 10--Jul 30,""
CHE,499,Special Problems,01,"",V,ARRGT,ARR ARR,May 10--Jul 30,(multiple)
CHE,700,"Master's Research, Thesis, and/or Examination",01,03022,V,ARRGT,ARR,May 10--Jul 30,(multiple)
CHE,702,"Master's Special Problems, Directed Study, and/or Examination",01,03023,V,ARRGT,ARR ARR,May 10--Jul 30,J Petersen
CHE,800,"Doctoral Research, Dissertation, and/or Examination",01,03024,V,ARRGT,ARR ARR,May 10--Jul 30,(multiple)
CHEM,101,[PSCI] Introduction to Chemistry,01,03954,4,"M,TU,W,TH,F10-11",WEB ARR,May 10--Jun 27,D Pope
CHEM,101,[PSCI] Introduction to Chemistry,01 Lab,03955,0,"TU,TH12-12.50",WEB ARR,May 10--Jun 27,D Pope
CHEM,101,[PSCI] Introduction to Chemistry,02 Lab,03956,0,"TU,TH12-12.50",WEB ARR,May 10--Jun 27,D Pope
CHEM,101,[PSCI] Introduction to Chemistry,03 Lab,03957,0,"TU,TH12-12.50",WEB ARR,May 10--Jun 27,D Pope
CHEM,102,Chemistry Related to Life Sciences,01,03958,4,"M,TU,W,TH,F10-10.50",WEB ARR,Jun 28--Aug 15,D Storfer
CHEM,102,Chemistry Related to Life Sciences,01 Lab,03959,0,"TU,TH12-12.50",WEB ARR,Jun 28--Aug 15,""
CHEM,102,Chemistry Related to Life Sciences,02 Lab,03960,0,"TU,TH12-12.50",WEB ARR,Jun 28--Aug 15,""
CHEM,105,[PSCI] Principles of Chemistry I,01,03961,4,"M,TU,W,TH,F10.30-11.35",WEB ARR,May 10--Jun 27,""
CHEM,105,[PSCI] Principles of Chemistry I,01 Lab,03962,0,"TU,TH12-12.50",WEB ARR,May 10--Jun 27,""
CHEM,105,[PSCI] Principles of Chemistry I,02 Lab,03963,0,"TU,TH12-12.50",WEB ARR,May 10--Jun 27,""
CHEM,106,Principles of Chemistry II,01,03964,4,"M,TU,W,TH,F10.30-11.35",WEB ARR,Jun 28--Aug 15,K Nishida
CHEM,106,Principles of Chemistry II,01 Lab,03965,0,"TU,TH13-13.50",WEB ARR,Jun 28--Aug 15,""
CHEM,106,Principles of Chemistry II,02 Lab,03966,0,"TU,TH13-13.50",WEB ARR,Jun 28--Aug 15,""
CHEM,345,Organic Chemistry I,01,03968,4,"M,TU,W,TH,F10.30-11.35",WEB ARR,May 10--Jun 27,A Burt
CHEM,345,Organic Chemistry I,01 Lab,03969,0,"W,TH12-14.45",WEB ARR,May 10--Jun 27,""
CHEM,345,Organic Chemistry I,02 Lab,03970,0,"W,TH12-14.45",WEB ARR,May 10--Jun 27,""
CHEM,345,Organic Chemistry I,03 Lab,03971,0,"W,TH12-14.45",WEB ARR,May 10--Jun 27,""
CHEM,348,Organic Chemistry II and Problem Solving,01,03973,4,"M,TU,W,TH,F10.30-11.35",WEB ARR,Jun 28--Aug 15,N Holloran
CHEM,348,Organic Chemistry II and Problem Solving,01 Lab,03974,0,"TU,W13-15",WEB ARR,Jun 28--Aug 15,""
CHEM,348,Organic Chemistry II and Problem Solving,02 Lab,03975,0,"TU,W13-15",WEB ARR,Jun 28--Aug 15,""
CHEM,348,Organic Chemistry II and Problem Solving,03 Lab,03985,0,"TU,W13-15",WEB ARR,Jun 28--Aug 15,""
CHEM,700,"Master's Research, Thesis, and/or Examination",01,03027,V,ARRGT,ARR ARR,May 10--Jul 30,(multiple)
CHEM,702,"Master's Special Problems, Directed Study, and/or Examination",01,03028,V,ARRGT,ARR ARR,May 10--Jul 30,(multiple)
CHEM,800,"Doctoral Research, Dissertation, and/or Examination",01,"",V,ARRGT,ARR ARR,May 10--Aug 15,(multiple)
COM,495,Communication Professional Internship,01,"",V,ARRGT,ARR,May 10--Jul 30,A Schweigert
COM,497,Practicum in Communication,01,"",V,ARRGT,"",May 10--Jul 30,A Schweigert
COM,499,Special Problems,01,"",V,ARRGT,ARR ARR,May 10--Jul 30,""
COM,600,Special Projects or Independent Study,01,03031,V,ARRGT,"",May 10--Jul 30,""
COM,700,"Master's Research, Thesis, and/or Examination",01,03032,V,ARRGT,ARR ARR,May 10--Jul 30,""
COM,800,"Doctoral Research, Dissertation, and/or Examination",01,03034,V,ARRGT,ARR ARR,May 10--Jul 30,""
COUN_PSY,597,Counseling Psychology Internship,01,04066,V,ARRGT,ARR,May 10--Jul 30,B Mcneill
COUN_PSY,600,Special Projects or Independent Study,01,03036,V,ARRGT,ARR,May 10--Jul 30,(multiple)
COUN_PSY,800,"Doctoral Research, Dissertation, and/or Examination",01,03037,V,ARRGT,ARR,May 10--Jul 30,""
CPT_S,121,Program Design and Development C/C++,01,07644,4,"M,TU,W,TH,F10.55-11.45",WEB ARR,Jun 07--Jul 30,B Zeng
CPT_S,121,Program Design and Development C/C++,01 Lab,07645,0,"TU,TH12-14.40",WEB ARR,Jun 07--Jul 30,B Zeng
CPT_S,122,Data Structures C/C++,01,03995,4,"M,TU,W,TH,F10.55-11.45",WEB ARR,Jun 07--Jul 30,A O'fallon
CPT_S,122,Data Structures C/C++,01 Lab,03996,0,"TU,TH12-14.40",WEB ARR,Jun 07--Jul 30,A O'fallon
CPT_S,427,Computer Security,01,07931,3,"M,TU,W,TH,F14.10-15",WEB ARR,Jun 07--Jul 30,A Jillepalli
CPT_S,430,Numerical Analysis,02,08520,3,"M,TU,W,TH10.10-11.25",WEB ARR,May 10--Jun 18,S Lapin
CPT_S,488,Professional Practice Coop/Internship I,01,"",V,ARRGT,ARR ARR,May 10--Jul 30,S Brabb
CPT_S,499,Special Problems,02,"",V,ARRGT,ARR ARR,May 10--Jul 30,D Cook
CPT_S,527,Computer Security,02,08454,3,"M,TU,W,TH,F14.10-15",WEB ARR,Jun 07--Jul 30,A Jillepalli
CPT_S,530,Numerical Analysis,02,08521,3,"M,TU,W,TH10.10-11.25",WEB ARR,May 10--Jun 18,S Lapin
CPT_S,595,Directed Study in Computer Science,01,"",V,ARRGT,ARR ARR,May 10--Jul 30,""
CPT_S,600,Special Projects or Independent Study,01,03040,V,ARRGT,ARR ARR,May 10--Jul 30,""
CPT_S,700,"Master's Research, Thesis, and/or Examination",01,03041,V,ARRGT,ARR ARR,May 10--Jul 30,(multiple)
CPT_S,702,"Master's Special Problems, Directed Study, and/or Examination",01,03042,V,ARRGT,ARR ARR,May 10--Jul 30,(multiple)
CPT_S,800,"Doctoral Research, Dissertation, and/or Examination",01,03043,V,ARRGT,ARR ARR,May 10--Jul 30,(multiple)
CRM_J,381,Crime and Justice in the Movies,01,07749,3,"M,TU,W,TH12-15",WEB ARR,May 09--Jun 04,M Miller
CRM_J,381,Crime and Justice in the Movies,01 Lab,07750,0,ARRGT,ARR ARR,May 09--Jun 04,M Miller
CRM_J,800,"Doctoral Research, Dissertation, and/or Examination",01,07753,V,ARRGT,ARR ARR,May 10--Jul 30,(multiple)
CROP_SCI,495,Research Experience,01,"",V,ARRGT,ARR ARR,May 10--Jul 30,""
CROP_SCI,498,Professional Internship,01,"",V,ARRGT,ARR ARR,May 10--Jul 30,A Carter
CROP_SCI,499,Special Problems,01,"",V,ARRGT,"",May 10--Jul 30,""
CROP_SCI,600,Special Projects or Independent Study,01,"",V,ARRGT,ARR ARR,May 10--Jul 30,""
CROP_SCI,700,"Master's Research, Thesis, and/or Examination",01,03056,V,ARRGT,ARR ARR,May 10--Jul 30,I Burke
CROP_SCI,700,"Master's Research, Thesis, and/or Examination",02,03263,V,ARRGT,ARR ARR,May 10--Jul 30,K Campbell
CROP_SCI,700,"Master's Research, Thesis, and/or Examination",03,03264,V,ARRGT,ARR ARR,May 10--Jul 30,A Carter
CROP_SCI,700,"Master's Research, Thesis, and/or Examination",04,03265,V,ARRGT,ARR ARR,May 10--Jul 30,C Coyne
CROP_SCI,700,"Master's Research, Thesis, and/or Examination",05,03266,V,ARRGT,ARR ARR,May 10--Jul 30,L Carpenter-Boggs
CROP_SCI,700,"Master's Research, Thesis, and/or Examination",06,03267,V,ARRGT,ARR ARR,May 10--Jul 30,K Gill
CROP_SCI,700,"Master's Research, Thesis, and/or Examination",07,03268,V,ARRGT,ARR ARR,May 10--Jul 30,""
CROP_SCI,700,"Master's Research, Thesis, and/or Examination",08,03269,V,ARRGT,ARR ARR,May 10--Jul 30,P Jacoby
CROP_SCI,700,"Master's Research, Thesis, and/or Examination",09,03270,V,ARRGT,ARR ARR,May 10--Jul 30,S Jones
CROP_SCI,700,"Master's Research, Thesis, and/or Examination",10,03271,V,ARRGT,ARR ARR,May 10--Jul 30,D Lyon
CROP_SCI,700,"Master's Research, Thesis, and/or Examination",11,03272,V,ARRGT,ARR ARR,May 10--Jul 30,R Mcgee
CROP_SCI,700,"Master's Research, Thesis, and/or Examination",12,03273,V,ARRGT,ARR ARR,May 10--Jul 30,P Miklas
CROP_SCI,700,"Master's Research, Thesis, and/or Examination",14,03275,V,ARRGT,ARR ARR,May 10--Jul 30,C Morris
CROP_SCI,700,"Master's Research, Thesis, and/or Examination",15,03276,V,ARRGT,ARR ARR,May 10--Jul 30,K Murphy
CROP_SCI,700,"Master's Research, Thesis, and/or Examination",16,03277,V,ARRGT,ARR ARR,May 10--Jul 30,M Neff
CROP_SCI,700,"Master's Research, Thesis, and/or Examination",17,03499,V,ARRGT,ARR ARR,May 10--Jul 30,M Pumphrey
CROP_SCI,700,"Master's Research, Thesis, and/or Examination",18,03500,V,ARRGT,ARR ARR,May 10--Jul 30,K Sanguinet
CROP_SCI,700,"Master's Research, Thesis, and/or Examination",19,03501,V,ARRGT,ARR ARR,May 10--Jul 30,Z Zhang
CROP_SCI,702,"Master's Special Problems, Directed Study, and/or Examination",01,03057,V,ARRGT,"",May 10--Jul 30,""
CROP_SCI,800,"Doctoral Research, Dissertation, and/or Examination",01,03058,V,ARRGT,ARR ARR,May 10--Jul 30,I Burke
CROP_SCI,800,"Doctoral Research, Dissertation, and/or Examination",02,03278,V,ARRGT,ARR ARR,May 10--Jul 30,K Campbell
CROP_SCI,800,"Doctoral Research, Dissertation, and/or Examination",03,03279,V,ARRGT,ARR ARR,May 10--Jul 30,A Carter
CROP_SCI,800,"Doctoral Research, Dissertation, and/or Examination",04,03280,V,ARRGT,ARR ARR,May 10--Jul 30,""
CROP_SCI,800,"Doctoral Research, Dissertation, and/or Examination",05,03281,V,ARRGT,ARR ARR,May 10--Jul 30,K Gill
CROP_SCI,800,"Doctoral Research, Dissertation, and/or Examination",07,03283,V,ARRGT,ARR ARR,May 10--Jul 30,S Hulbert
CROP_SCI,800,"Doctoral Research, Dissertation, and/or Examination",08,03284,V,ARRGT,ARR ARR,May 10--Jul 30,P Jacoby
CROP_SCI,800,"Doctoral Research, Dissertation, and/or Examination",09,03285,V,ARRGT,ARR ARR,May 10--Jul 30,S Jones
CROP_SCI,800,"Doctoral Research, Dissertation, and/or Examination",10,03286,V,ARRGT,ARR ARR,May 10--Jul 30,D Lyon
CROP_SCI,800,"Doctoral Research, Dissertation, and/or Examination",11,03287,V,ARRGT,ARR ARR,May 10--Jul 30,R Mcgee
CROP_SCI,800,"Doctoral Research, Dissertation, and/or Examination",12,03288,V,ARRGT,ARR ARR,May 10--Jul 30,P Miklas
CROP_SCI,800,"Doctoral Research, Dissertation, and/or Examination",14,03290,V,ARRGT,ARR ARR,May 10--Jul 30,C Morris
CROP_SCI,800,"Doctoral Research, Dissertation, and/or Examination",15,03291,V,ARRGT,ARR ARR,May 10--Jul 30,K Murphy
CROP_SCI,800,"Doctoral Research, Dissertation, and/or Examination",16,03292,V,ARRGT,ARR ARR,May 10--Jul 30,M Neff
CROP_SCI,800,"Doctoral Research, Dissertation, and/or Examination",17,03293,V,ARRGT,ARR ARR,May 10--Jul 30,(multiple)
CROP_SCI,800,"Doctoral Research, Dissertation, and/or Examination",18,03294,V,ARRGT,ARR ARR,May 10--Jul 30,K Sanguinet
CROP_SCI,800,"Doctoral Research, Dissertation, and/or Examination",19,03502,V,ARRGT,ARR ARR,May 10--Jul 30,Z Zhang
CSSTE,800,"Doctoral Research, Dissertation, and/or Examination",01,03578,V,ARRGT,ARR ARR,May 10--Jul 30,(multiple)
CST_M,252,Construction Administration and Documentation,01,"",4,"M,TU,W,TH12-14.45",WEB ARR,May 10--Jun 18,R Cherf
CST_M,252,Construction Administration and Documentation,01 Lab,03750,0,ARRGT,ARR,May 10--Jun 18,R Cherf
CST_M,370,Estimating I,01,"",3,"M,TU,W,TH9-11.45",WEB ARR,May 10--Jun 18,J Peschel
CST_M,370,Estimating I,01 Lab,03752,0,ARRGT,ARR ARR,May 10--Jun 18,J Peschel
CST_M,462,Planning and Scheduling,01,"",3,"M,TU,W,TH9-11.45",WEB ARR,Jun 21--Jul 30,R Cherf
CST_M,462,Planning and Scheduling,01 Lab,"",0,ARRGT,ARR ARR,Jun 21--Jul 30,R Cherf
DTC,335,3D Digital Animation,01,03688,3,"M,TU,W,TH,F10.10-11",SPRK 210,May 10--Jun 18,J Riddle
DTC,335,3D Digital Animation,01 Lab,03689,0,"M,TU,W,TH,F11.10-12",SPRK 210,May 10--Jun 18,J Riddle
DTC,498,Internship,01,"",V,ARRGT,ARR ARR,May 10--Jul 30,R Gregory
E_E,261,Electrical Circuits I,01,07571,3,"M,TU,W,TH13.30-14.45",WEB ARR,Jun 28--Aug 15,J Murray
E_E,262,Electrical Circuits Laboratory I,01,07572,1,"TU,TH15-17.50",WEB ARR,Jun 28--Aug 15,J Murray
E_E,488,Professional Practice Coop/Internship I,01,"",V,ARRGT,ARR ARR,May 10--Jul 30,S Brabb
E_E,595,Directed Study in Electrical Engineering,01,"",V,ARRGT,ARR ARR,May 10--Jul 30,S Brabb
E_E,700,"Master's Research, Thesis, and/or Examination",01,03063,V,ARRGT,ARR ARR,May 10--Jul 30,(multiple)
E_E,702,"Master's Special Problems, Directed Study, and/or Examination",01,03064,V,ARRGT,ARR,May 10--Jul 30,(multiple)
E_E,800,"Doctoral Research, Dissertation, and/or Examination",01,03065,V,ARRGT,ARR ARR,May 10--Jul 30,(multiple)
ECONS,101,[SSCI] Fundamentals of Microeconomics,01,03690,3,"M,TU,W,TH,F13.30-14.45",WEB ARR,May 10--Jun 18,A Murray
ECONS,101,[SSCI] Fundamentals of Microeconomics,02,03868,3,"M,TU,W,TH,F9-10.15",WEB ARR,Jun 21--Jul 30,K Garcia
ECONS,102,[SSCI] Fundamentals of Macroeconomics,01,03691,3,"M,TU,W,TH,F10.30-11.45",WEB ARR,May 10--Jun 18,M Mahoney
ECONS,102,[SSCI] Fundamentals of Macroeconomics,02,03869,3,"M,TU,W,TH,F12-13.15",WEB ARR,Jun 21--Jul 30,A G C
ECONS,305,Intermediate Microeconomics without Calculus,01,03692,3,"M,TU,W,TH,F9-10.15",WEB ARR,May 10--Jun 18,M Kondaridze
ECONS,327,International Trade and Finance,01,03802,3,"M,TU,W,TH,F12-13.15",WEB ARR,May 10--Jun 18,M Gibson
ECONS,430,Managing the Global Environment,01,03693,3,"M,TU,W,TH,F10.30-11.45",WEB ARR,May 10--Jun 18,A Salimgarieva
ECONS,483,Special Topics: Study Abroad,01,"",V,ARRGT,ARR ARR,May 10--Jul 30,R Liao-Cance
ECONS,497,Economics Internship,01,"",V,ARRGT,ARR ARR,May 10--Jul 30,E Jessup
ECONS,499,Special Problems,01,"",V,ARRGT,ARR ARR,May 10--Jul 30,(multiple)
ECONS,700,"Master's Research, Thesis, and/or Examination",01,03068,V,ARRGT,ARR ARR,May 10--Jul 30,(multiple)
ECONS,702,"Master's Special Problems, Directed Study, and/or Examination",01,03069,V,ARRGT,ARR ARR,May 10--Jul 30,(multiple)
ECONS,800,"Doctoral Research, Dissertation, and/or Examination",01,03070,V,ARRGT,ARR ARR,May 10--Jul 30,(multiple)
ED_AD,580,School Organization and Administration,01,04107,3,TU17.45-20.30,WEB ARR,May 10--Jun 18,J Walls
ED_AD,585,Financial Management in Education,01,07718,3,"M,W5.10-20.30",WEB ARR,Jun 21--Jul 30,K Cloninger
ED_MTHSC,800,"Doctoral Research, Dissertation, and/or Examination",01,03662,V,ARRGT,ARR ARR,May 10--Jul 30,(multiple)
ED_PSYCH,505,Research Methods I,01,03988,3,"M,TU,W,TH,F12.30-13.20",WEB ARR,Jun 21--Jul 30,""
ED_PSYCH,508,Educational Statistics,01,03986,3,"M,TU,W,TH,F12.30-13.20",WEB ARR,May 10--Jun 18,R Wong
ED_PSYCH,508,Educational Statistics,02,"",3,TH17.10-20.30,WEB ARR,May 10--Jul 30,S Dai
ED_PSYCH,600,Special Projects or Independent Study,01,03076,V,ARRGT,ARR ARR,May 10--Jul 30,""
ED_PSYCH,700,"Master's Research, Thesis, and/or Examination",01,03077,V,ARRGT,ARR ARR,May 10--Jul 30,""
ED_PSYCH,702,"Master's Special Problems, Directed Study, and/or Examination",01,03078,V,ARRGT,ARR ARR,May 10--Jul 30,""
ED_PSYCH,800,"Doctoral Research, Dissertation, and/or Examination",01,03079,V,ARRGT,ARR ARR,May 10--Jul 30,""
ENGLISH,100,Introductory College Composition,01,03949,3,"M,TU,W,TH,F10.30-12",CUE 412,Jun 28--Jul 30,R Sanchez
ENGLISH,101,[WRTG] College Composition,01,03695,3,"M,TU,W,TH,F13.30-14.45",WEB ARR,May 10--Jun 18,M Thomas
ENGLISH,101,[WRTG] College Composition,02,03944,3,"M,TU,W,TH,F10.30-12",CUE 114,Jun 28--Jul 30,N Koenis
ENGLISH,101,[WRTG] College Composition,03,03945,3,"M,TU,W,TH,F10.30-12","",Jun 28--Jul 30,W Richards
ENGLISH,101,[WRTG] College Composition,04,03946,3,"M,TU,W,TH,F13.30-15",CUE 114,Jun 28--Jul 30,R Murphy
ENGLISH,102,Writing Tutorial,01,03850,1,ARRGT,ARR ARR,May 10--Jun 18,B Walter
ENGLISH,102,Writing Tutorial,06,08495,1,"M,TU,W,TH9.10-10","",Jun 28--Jul 30,B Walter
ENGLISH,107,Writing Tutorial for Multilingual Writers,01,03696,1,ARRGT,ARR ARR,May 10--Jun 18,B Walter
ENGLISH,216,Introduction to American Cultural Studies,01,07658,3,"M,TU,W,TH,F10-11.25",WEB ARR,Jun 21--Jul 30,T Carrasco
ENGLISH,402,[WRTG] [M] Technical and Professional Writing,01,03699,3,"M,TU,W,TH,F9-10.15",WEB ARR,May 10--Jun 18,L Levy
ENGLISH,402,[WRTG] [M] Technical and Professional Writing,02,03700,3,"M,TU,W,TH,F13.30-14.45",WEB ARR,May 10--Jun 18,P Chilson
ENGLISH,402,[WRTG] [M] Technical and Professional Writing,03,03871,3,"M,TU,W,TH,F12-13.15",WEB ARR,Jun 21--Jul 30,E Nawabi
ENGLISH,402,[WRTG] [M] Technical and Professional Writing,04,03701,3,"M,TU,W,TH,F10.30-11.45",WEB ARR,May 10--Jun 18,E Coleman
ENGLISH,402,[WRTG] [M] Technical and Professional Writing,05,03702,3,"M,TU,W,TH,F10.30-11.45",WEB ARR,May 10--Jun 18,P Cady
ENGLISH,402,[WRTG] [M] Technical and Professional Writing,06,03703,3,"M,TU,W,TH,F12-13.15",WEB ARR,May 10--Jun 18,C Harty
ENGLISH,402,[WRTG] [M] Technical and Professional Writing,07,03872,3,"M,TU,W,TH,F9-10.15",WEB ARR,Jun 21--Jul 30,D Martin
ENGLISH,402,[WRTG] [M] Technical and Professional Writing,08,03873,3,"M,TU,W,TH,F10.30-11.45",WEB ARR,Jun 21--Jul 30,A Heile
ENGLISH,498,Internship,01,"",V,ARRGT,ARR ARR,May 10--Jul 30,L Mccormick
ENGLISH,499,Special Problems,01,"",V,ARRGT,ARR ARR,May 10--Jul 30,(multiple)
ENGLISH,590,Research in English Studies,01,"",1,ARRGT,ARR ARR,May 10--Jul 30,""
ENGLISH,700,"Master's Research, Thesis, and/or Examination",01,03082,V,ARRGT,ARR ARR,May 10--Jul 30,""
ENGLISH,702,"Master's Special Problems, Directed Study, and/or Examination",01,03083,V,ARRGT,ARR ARR,May 10--Jul 30,""
ENGLISH,800,"Doctoral Research, Dissertation, and/or Examination",01,03084,V,ARRGT,ARR ARR,May 10--Jul 30,P Wilde
ENGR,201,Metal Fabrication,01,03666,3,"M,W,F12.10-13",ELB 2,May 10--Jun 18,J Baser
ENGR,201,Metal Fabrication,01 Lab,03668,0,"M,TU,W,TH,F13.10-16",ELB 59,May 10--Jun 18,J Baser
ENGR,202,Welding,01,07669,1,"M,W,F12.10-13",ELB 2,May 10--May 21,J Baser
ENGR,202,Welding,01 Lab,07671,0,"M,TU,W,TH,F13.10-16",ELB 59,May 10--May 21,J Baser
ENGR,203,Machining,01,07673,1,"M,W,F12.10-13",ELB 2,May 24--Jun 04,J Baser
ENGR,203,Machining,01 Lab,07675,0,"M,TU,W,TH,F13.10-16",ELB 59,May 24--Jun 04,J Baser
ENGR,204,Metal Fabrication,01,07677,1,"M,W,F12.10-13",ELB 2,Jun 07--Jun 18,J Baser
ENGR,204,Metal Fabrication,01 Lab,07679,0,"M,TU,W,TH,F13.10-16",ELB 59,Jun 07--Jun 18,J Baser
ENGR,488,Professional Practice Coop/Internship I,01,"",V,ARRGT,ARR ARR,May 10--Jul 30,S Brabb
ENGR,489,Professional Practice Coop/Internship II,01,"",1,ARRGT,ARR ARR,May 10--Jul 30,S Brabb
ENTOM,101,[BSCI] Insects and People: A Perspective,01,03704,3,"M,TU,W,TH,F10.30-11.45",WEB ARR,May 10--Jun 18,J Gutierrez Illan
ENTOM,103,[BSCI] Discover Insects: Laboratory for Non-Science Majors,01,03781,1,"TU,W12-15",WEB ARR,May 10--Jun 18,A Hayes
ENTOM,490,Special Topics in Entomology,01,"",V,ARRGT,ARR ARR,May 10--Jul 30,""
ENTOM,590,Special Topics in Entomology,01,"",V,ARRGT,ARR ARR,May 10--Jul 30,""
ENTOM,700,"Master's Research, Thesis, and/or Examination",01,03196,V,ARRGT,ARR ARR,May 10--Jul 30,E Beers
ENTOM,700,"Master's Research, Thesis, and/or Examination",02,03388,V,ARRGT,ARR ARR,May 10--Jul 30,D Crowder
ENTOM,700,"Master's Research, Thesis, and/or Examination",03,03389,V,ARRGT,ARR ARR,May 10--Jul 30,D James
ENTOM,700,"Master's Research, Thesis, and/or Examination",04,03390,V,ARRGT,ARR ARR,May 10--Jul 30,V Jones
ENTOM,700,"Master's Research, Thesis, and/or Examination",05,03391,V,ARRGT,ARR ARR,May 10--Jul 30,L Lavine
ENTOM,700,"Master's Research, Thesis, and/or Examination",07,03392,V,ARRGT,ARR ARR,May 10--Jul 30,W Sheppard
ENTOM,700,"Master's Research, Thesis, and/or Examination",08,03393,V,ARRGT,ARR ARR,May 10--Jul 30,W Snyder
ENTOM,700,"Master's Research, Thesis, and/or Examination",09,03394,V,ARRGT,ARR ARR,May 10--Jul 30,D Walsh
ENTOM,700,"Master's Research, Thesis, and/or Examination",10,03395,V,ARRGT,ARR ARR,May 10--Jul 30,R Zack
ENTOM,702,"Master's Special Problems, Directed Study, and/or Examination",01,03606,V,ARRGT,ARR ARR,May 10--Jul 30,""
ENTOM,800,"Doctoral Research, Dissertation, and/or Examination",01,03197,V,ARRGT,ARR ARR,May 10--Jul 30,E Beers
ENTOM,800,"Doctoral Research, Dissertation, and/or Examination",02,03396,V,ARRGT,ARR ARR,May 10--Jul 30,D Crowder
ENTOM,800,"Doctoral Research, Dissertation, and/or Examination",03,03397,V,ARRGT,ARR ARR,May 10--Jul 30,D James
ENTOM,800,"Doctoral Research, Dissertation, and/or Examination",04,03398,V,ARRGT,ARR ARR,May 10--Jul 30,""
ENTOM,800,"Doctoral Research, Dissertation, and/or Examination",05,03399,V,ARRGT,ARR ARR,May 10--Jul 30,L Lavine
ENTOM,800,"Doctoral Research, Dissertation, and/or Examination",07,03400,V,ARRGT,ARR ARR,May 10--Jul 30,W Sheppard
ENTOM,800,"Doctoral Research, Dissertation, and/or Examination",08,03401,V,ARRGT,ARR ARR,May 10--Jul 30,W Snyder
ENTOM,800,"Doctoral Research, Dissertation, and/or Examination",09,03402,V,ARRGT,ARR ARR,May 10--Jul 30,D Walsh
ENTOM,800,"Doctoral Research, Dissertation, and/or Examination",10,03403,V,ARRGT,ARR ARR,May 10--Jul 30,R Zack
ENTRP,496,[M] Special Topics,01,"",1,"M,W10.30-11.45","",Jun 28--Jul 30,A Brown
ENTRP,496,[M] Special Topics,02,"",1,"M,W13.30-14.45","",Jun 28--Jul 30,A Brown
FIN,223,[QUAN] Personal Finance,01,03848,3,"M,TU,W,TH,F10.30-11.45",WEB ARR,May 10--Jun 18,C Williamson
FIN,325,Introduction to Financial Management,01,03740,3,"M,TU,W,TH,F13.30-14.45",WEB ARR,May 10--Jun 18,S Zahid
FIN,325,Introduction to Financial Management,02,03885,3,"M,TU,W,TH,F9-10.15",WEB ARR,Jun 21--Jul 30,H Cheng
FIN,425,[M] Intermediate Financial Management,01,08421,3,"M,TU,W,TH,F13.30-14.45",WEB ARR,May 10--Jun 18,A Wang
FIN,427,[M] Investment Analysis,01,03557,3,"M,TU,W,TH,F12-13.15",WEB ARR,May 10--Jun 18,G Abotula
FIN,481,[M] International Finance,01,08422,3,"M,TU,W,TH,F13.30-14.45",WEB ARR,Jun 21--Jul 30,F Chen
FIN,800,"Doctoral Research, Dissertation, and/or Examination",01,"",V,ARRGT,ARR ARR,May 10--Jul 30,(multiple)
FINE_ART,101,[ARTS] Introduction to Art,01,07763,3,"M,TU,W,TH,F10-12",WEB ARR,May 10--Jun 04,A Rocha
FINE_ART,363,Special Topics - Digital Media,01,07766,V,"M,TU,W,TH,F13.30-17",WEB ARR,May 10--Jun 04,D Janssen
FS,401,Topics in Food Science,01,03251,V,ARRGT,ARR ARR,May 10--Jul 30,""
FS,495,Internship in Food Science,01,"",2,ARRGT,ARR ARR,May 10--Jul 30,F Critzer
FS,496,Internship in a Winery,01,"",2,ARRGT,ARR ARR,May 10--Jul 30,G Ganjyal
FS,499,Special Problems,01,"",V,ARRGT,ARR ARR,May 10--Jul 30,""
FS,501,Topics in Food Science,01,03089,V,ARRGT,ARR ARR,May 10--Jul 30,""
FS,700,"Master's Research, Thesis, and/or Examination",01,03090,V,ARRGT,ARR ARR,May 10--Jul 30,F Critzer
FS,700,"Master's Research, Thesis, and/or Examination",02,03243,V,ARRGT,ARR ARR,May 10--Jul 30,C Edwards
FS,700,"Master's Research, Thesis, and/or Examination",03,03244,V,ARRGT,ARR ARR,May 10--Jul 30,G Ganjyal
FS,700,"Master's Research, Thesis, and/or Examination",04,03245,V,ARRGT,ARR ARR,May 10--Jul 30,M Michael
FS,700,"Master's Research, Thesis, and/or Examination",05,03246,V,ARRGT,ARR ARR,May 10--Jul 30,C Ross
FS,700,"Master's Research, Thesis, and/or Examination",07,07343,V,ARRGT,ARR ARR,May 10--Jul 30,M Zhu
FS,800,"Doctoral Research, Dissertation, and/or Examination",01,03091,V,ARRGT,ARR ARR,May 10--Jul 30,F Critzer
FS,800,"Doctoral Research, Dissertation, and/or Examination",02,03242,V,ARRGT,ARR ARR,May 10--Jul 30,C Edwards
FS,800,"Doctoral Research, Dissertation, and/or Examination",03,03522,V,ARRGT,ARR ARR,May 10--Jul 30,G Ganjyal
FS,800,"Doctoral Research, Dissertation, and/or Examination",04,07344,V,ARRGT,ARR ARR,May 10--Jul 30,M Michael
FS,800,"Doctoral Research, Dissertation, and/or Examination",05,07345,V,ARRGT,ARR ARR,May 10--Jul 30,C Ross
H_D,498,Field Placement,01,"",V,ARRGT,ARR ARR,May 10--Jul 30,A Whitehall
H_D,499,Special Problems,01,"",V,ARRGT,ARR ARR,May 10--Jul 30,""
HBM,258,Fundamentals of Cooking,01,08371,3,"M,W16.10-17",WEB ARR,May 10--Jun 18,J Murray
HBM,258,Fundamentals of Cooking,01 Lab,08372,0,"M,W17.10-18.30",WEB ARR,May 10--Jun 18,J Callison
HBM,298,Internship Experience,01,"",V,ARRGT,ARR ARR,May 10--Jul 30,A Alonzo
HBM,498,Hospitality Business Management Internship,01,"",V,ARRGT,ARR ARR,May 10--Jul 30,A Alonzo
HBM,499,Special Problems,01,"",V,ARRGT,ARR ARR,May 10--Jul 30,R Harrington
HBM,800,"Doctoral Research, Dissertation, and/or Examination",01,03204,V,ARRGT,ARR ARR,May 10--Jul 30,J Kim
HISTORY,105,[ROOT] The Roots of Contemporary Issues,01,08430,3,"M,TU,W,TH,F10.30-11.45",WEB ARR,Jun 21--Jul 30,K Phoenix
HISTORY,105,[ROOT] The Roots of Contemporary Issues,02,08431,3,"M,TU,W,TH,F9-10.15",WEB ARR,May 10--Jun 18,E Smelyansky
HISTORY,111,[HUM] American History Since 1877,01,08512,3,"M,TU,W,TH12.45-14.20",WEB ARR,Jun 21--Jul 30,T Hanshew
HISTORY,216,Introduction to American Cultural Studies,01,07659,3,"M,TU,W,TH,F10-11.25",WEB ARR,Jun 21--Jul 30,T Carrasco
HISTORY,387,World War II in Asia and the Pacific,02,04091,3,"M,W14.30-17.50",WEB ARR,Jun 21--Jul 30,B Farley
HISTORY,800,"Doctoral Research, Dissertation, and/or Examination",01,"",V,ARRGT,ARR ARR,May 10--Jul 30,B Farley
HONORS,450,Honors Thesis or Project,01,"",V,ARRGT,ARR ARR,May 10--Jul 30,""
HORT,399,Professional Work Experience,01,03098,V,ARRGT,ARR ARR,May 10--Jul 30,A Snider
HORT,495,Research Experience,01,"",V,ARRGT,ARR ARR,May 10--Jul 30,""
HORT,499,Special Problems,01,"",V,ARRGT,ARR ARR,May 10--Jul 30,""
HORT,600,Special Projects or Independent Study,01,"",V,ARRGT,ARR ARR,May 10--Jul 30,""
HORT,700,"Master's Research, Thesis, and/or Examination",01,03102,V,ARRGT,ARR ARR,May 10--Jul 30,B Bondada
HORT,700,"Master's Research, Thesis, and/or Examination",02,03321,V,ARRGT,ARR ARR,May 10--Jul 30,L Chalker-Scott
HORT,700,"Master's Research, Thesis, and/or Examination",03,03322,V,ARRGT,ARR ARR,May 10--Jul 30,L Devetter
HORT,700,"Master's Research, Thesis, and/or Examination",04,03323,V,ARRGT,ARR ARR,May 10--Jul 30,A Dhingra
HORT,700,"Master's Research, Thesis, and/or Examination",05,03324,V,ARRGT,ARR ARR,May 10--Jul 30,K Evans
HORT,700,"Master's Research, Thesis, and/or Examination",06,03325,V,ARRGT,ARR ARR,May 10--Jul 30,L Kalcsits
HORT,700,"Master's Research, Thesis, and/or Examination",07,03326,V,ARRGT,ARR ARR,May 10--Jul 30,M Keller
HORT,700,"Master's Research, Thesis, and/or Examination",08,03327,V,ARRGT,ARR ARR,May 10--Jul 30,P Mccord
HORT,700,"Master's Research, Thesis, and/or Examination",09,03328,V,ARRGT,ARR ARR,May 10--Jul 30,D Main
HORT,700,"Master's Research, Thesis, and/or Examination",10,03329,V,ARRGT,ARR ARR,May 10--Jul 30,C Miles
HORT,700,"Master's Research, Thesis, and/or Examination",11,03330,V,ARRGT,ARR ARR,May 10--Jul 30,M Moyer
HORT,700,"Master's Research, Thesis, and/or Examination",12,03331,V,ARRGT,ARR ARR,May 10--Jul 30,S Musacchi
HORT,700,"Master's Research, Thesis, and/or Examination",13,03332,V,ARRGT,ARR ARR,May 10--Jul 30,M Pavek
HORT,700,"Master's Research, Thesis, and/or Examination",14,03333,V,ARRGT,ARR ARR,May 10--Jul 30,C Peace
HORT,700,"Master's Research, Thesis, and/or Examination",15,03334,V,ARRGT,ARR ARR,May 10--Jul 30,B Poovaiah
HORT,700,"Master's Research, Thesis, and/or Examination",16,03335,V,ARRGT,ARR ARR,May 10--Jul 30,M Whiting
HORT,800,"Doctoral Research, Dissertation, and/or Examination",01,03103,V,ARRGT,ARR ARR,May 10--Jul 30,B Bondada
HORT,800,"Doctoral Research, Dissertation, and/or Examination",02,03336,V,ARRGT,ARR ARR,May 10--Jul 30,L Carpenter-Boggs
HORT,800,"Doctoral Research, Dissertation, and/or Examination",03,03337,V,ARRGT,ARR ARR,May 10--Jul 30,L Chalker-Scott
HORT,800,"Doctoral Research, Dissertation, and/or Examination",04,03338,V,ARRGT,ARR ARR,May 10--Jul 30,J Davenport
HORT,800,"Doctoral Research, Dissertation, and/or Examination",05,03339,V,ARRGT,ARR ARR,May 10--Jul 30,L Devetter
HORT,800,"Doctoral Research, Dissertation, and/or Examination",06,03340,V,ARRGT,ARR ARR,May 10--Jul 30,A Dhingra
HORT,800,"Doctoral Research, Dissertation, and/or Examination",07,03341,V,ARRGT,ARR ARR,May 10--Jul 30,K Evans
HORT,800,"Doctoral Research, Dissertation, and/or Examination",08,03342,V,ARRGT,ARR ARR,May 10--Jul 30,L Kalcsits
HORT,800,"Doctoral Research, Dissertation, and/or Examination",09,03343,V,ARRGT,ARR ARR,May 10--Jul 30,M Keller
HORT,800,"Doctoral Research, Dissertation, and/or Examination",10,03344,V,ARRGT,ARR ARR,May 10--Jul 30,N Knowles
HORT,800,"Doctoral Research, Dissertation, and/or Examination",11,03345,V,ARRGT,ARR ARR,May 10--Jul 30,D Main
HORT,800,"Doctoral Research, Dissertation, and/or Examination",12,03346,V,ARRGT,ARR ARR,May 10--Jul 30,C Miles
HORT,800,"Doctoral Research, Dissertation, and/or Examination",13,03347,V,ARRGT,ARR ARR,May 10--Jul 30,P Moore
HORT,800,"Doctoral Research, Dissertation, and/or Examination",14,03348,V,ARRGT,ARR ARR,May 10--Jul 30,M Moyer
HORT,800,"Doctoral Research, Dissertation, and/or Examination",15,03349,V,ARRGT,ARR ARR,May 10--Jul 30,S Musacchi
HORT,800,"Doctoral Research, Dissertation, and/or Examination",16,03350,V,ARRGT,ARR ARR,May 10--Jul 30,M Pavek
HORT,800,"Doctoral Research, Dissertation, and/or Examination",17,03351,V,ARRGT,ARR ARR,May 10--Jul 30,C Peace
HORT,800,"Doctoral Research, Dissertation, and/or Examination",18,03352,V,ARRGT,ARR ARR,May 10--Jul 30,B Poovaiah
HORT,800,"Doctoral Research, Dissertation, and/or Examination",19,03504,V,ARRGT,ARR ARR,May 10--Jul 30,M Whiting
HUMANITY,101,[HUM] Humanities in the Ancient World,01,03706,3,"M,TU,W,TH,F12-13.15",WEB ARR,May 10--Jun 18,K Watts
HUMANITY,103,[HUM] Mythology,01,03911,3,"M,TU,W,TH,F10.30-11.45",WEB ARR,Jun 21--Jul 30,M Delahoyde
HUMANITY,103,[HUM] Mythology,02,03831,3,"M,TU,W,TH,F10.30-11.45",WEB ARR,May 10--Jun 18,L Hunter
I_BUS,380,International Business,01,03770,3,"M,TU,W,TH,F10.30-11.45",WEB ARR,May 10--Jun 18,K Ahmmad
I_BUS,435,International Tourism,01,03807,3,"M,TU,W,TH,F9-10.15",WEB ARR,May 10--Jun 18,D Jha
I_BUS,453,[M] International Management,01,07926,3,"M,TU,W,TH,F12-13.15",WEB ARR,Jun 21--Jul 30,M Cicek
I_BUS,470,International Trade and Finance,01,03803,3,"M,TU,W,TH,F12-13.15",WEB ARR,May 10--Jun 18,M Gibson
I_BUS,482,[M] International Marketing,01,07927,3,"M,TU,W,TH,F13.30-14.45",WEB ARR,Jun 21--Jul 30,A Donnadieu
I_BUS,496,Special Topics,07,"",3,W10.30-12,WEB ARR,May 10--Jul 02,J Joireman
I_D,490,Cooperative Education Internship,01,03576,V,ARRGT,ARR ARR,May 10--Jul 30,R Krikac
I_D,598,Topics in Interior Design,01,03980,V,ARRGT,ARR ARR,Jun 28--Aug 15,J Theodorson
I_D,702,"Master's Special Problems, Directed Study and/or Examination",01,08596,V,ARRGT,ARR ARR,Jun 21--Jul 30,A Pulay
INTERDIS,800,"Doctoral Research, Dissertation, and/or Examination",01,03176,V,ARRGT,ARR ARR,May 10--Jul 30,(multiple)
ISE,300,INTRN'L EXCH,01,"",V,ARRGT,ARR ARR,May 10--Jul 30,""
KIN_ACTV,112,Beginning Weight Training,01,08402,1,ARRGT,ARR ARR,May 10--Jun 18,""
KIN_ACTV,118,Yoga,01,08403,1,"M,TU,W,TH14-15.15",WEB ARR,May 10--Jun 18,""
KINES,201,[HUM] Exploring Meaning in Sport and Movement,01,03835,3,"M,TU,W,TH,F13.30-14.45",WEB ARR,May 10--Jun 18,S Lewis
KINES,262,Human Anatomy,01,03707,4,"M,TU,W,TH,F9-10.15",WEB ARR,May 10--Jun 18,S Landis
KINES,262,Human Anatomy,01 Lab,03708,0,"TU,TH10.30-12.30",WEB ARR,May 10--Jun 18,S Landis
KINES,312,[M] Research and Assessment in Kinesiology,01,03711,3,"M,TU,W,TH,F10.30-11.45",WEB ARR,May 10--Jun 18,A Cox
KINES,362,Qualitative Biomechanics,01,03715,3,"M,TU,W,TH,F12-13.15",WEB ARR,May 10--Jun 18,R Catena
KINES,380,Introduction to Exercise Physiology,01,03713,3,"M,TU,W,TH,F13.30-14.45",WEB ARR,May 10--Jun 18,C Connolly
KINES,390,Kinesiology Practicum or Research,01,03105,V,ARRGT,ARR ARR,May 10--Jul 30,T Goetz
KINES,412,Strength Training Practicum I,01,07777,3,ARRGT,ARR ARR,May 10--Jul 30,K Holmstrom
KINES,412,Strength Training Practicum I,01 Lab,07778,0,ARRGT,ARR ARR,May 10--Jul 30,K Holmstrom
KINES,413,Strength Training Practicum II,01,03997,3,ARRGT,ARR ARR,May 10--Jul 30,K Holmstrom
KINES,413,Strength Training Practicum II,01 Lab,03998,0,ARRGT,ARR ARR,May 10--Jul 30,K Holmstrom
KINES,414,Strength Training Practicum III,01,03106,3,ARRGT,ARR ARR,May 10--Jul 30,K Holmstrom
KINES,414,Strength Training Practicum III,01 Lab,03107,0,ARRGT,ARR ARR,May 10--Jul 30,K Holmstrom
KINES,485,Kinesiology Internship,01,03224,V,ARRGT,ARR ARR,May 10--Jul 30,T Goetz
KINES,485,Kinesiology Internship,02,07907,V,ARRGT,ARR ARR,May 10--Jul 30,K Holmstrom
KINES,490,Instructional Practicum,01,03108,V,ARRGT,ARR ARR,May 10--Jun 18,""
KINES,499,Special Problems,01,03109,V,ARRGT,ARR ARR,May 10--Jun 18,""
KINES,536,Methods of Health and Physical Education,01,07779,2,"M,W,F8-10.05",WEB ARR,May 10--Jun 04,P Morgan
LLT,800,"Doctoral Research, Dissertation, and/or Examination",01,03577,V,ARRGT,ARR ARR,May 10--Jul 30,(multiple)
LND_ARCH,490,Cooperative Education Internship,01,03983,4,ARRGT,ARR ARR,May 10--Jul 30,J Kaytes
LND_ARCH,499,Special Problems,01,08516,V,ARRGT,ARR ARR,May 10--Jul 30,J Kaytes
MATH,103,Algebra Methods and Introduction to Functions,01,03716,3,"M,TU,W,TH,F10.30-11.45",WEB ARR,May 10--Jun 18,J Eld
MATH,106,College Algebra,01,03718,3,"M,TU,W,TH,F13.30-14.45",WEB ARR,May 10--Jun 18,I B. Hewayalage
MATH,106,College Algebra,02,03875,3,"M,TU,W,TH,F9-10.15",WEB ARR,Jun 21--Jul 30,T Alsmadi
MATH,108,Trigonometry,01,07780,2,"M,TU,W,TH,F9-10.15",WEB ARR,May 10--Jun 04,J Dickson
MATH,108,Trigonometry,02,03876,2,"M,TU,W,TH13.30-14.35",WEB ARR,Jun 21--Jul 30,A Tower
MATH,171,[QUAN] Calculus I,01,03999,4,"M,TU,W,TH,F9.30-10.45",WEB ARR,May 10--Jun 18,D Baral
MATH,171,[QUAN] Calculus I,02,04085,4,"M,TU,W,TH,F9.30-10.45",WEB ARR,Jun 21--Jul 30,N Parks
MATH,171,[QUAN] Calculus I,01 Lab,04000,0,"W,F12-14.40",WEB ARR,May 10--Jun 18,D Baral
MATH,171,[QUAN] Calculus I,02 Lab,04086,0,"W,F12-14.40",WEB ARR,Jun 21--Jul 30,S Peterson
MATH,172,Calculus II,01,04001,4,"M,TU,W,TH,F9-10.15",WEB ARR,Jun 21--Jul 30,J Streipel
MATH,172,Calculus II,01 Lab,04002,0,"W,F11.30-14.10",WEB ARR,Jun 21--Jul 30,Y Tang
MATH,201,Mathematics for Business and Economics,01,03719,3,"M,TU,W,TH,F10.30-11.45",WEB ARR,May 10--Jun 18,N Griggs
MATH,202,[QUAN] Calculus for Business and Economics,01,03720,3,"M,TU,W,TH,F10.30-11.45",WEB ARR,May 10--Jun 18,B Emehiser
MATH,202,[QUAN] Calculus for Business and Economics,02,03877,3,"M,TU,W,TH,F13.30-14.45",WEB ARR,Jun 21--Jul 30,J Widen
MATH,216,Discrete Structures,01,03906,3,"M,TU,W,TH,F13.30-14.45",WEB ARR,Jun 21--Jul 30,M Morgan
MATH,220,Introductory Linear Algebra,01,07782,2,"M,TU,W,TH,F9-10.15",WEB ARR,May 10--Jun 04,R Perrier
MATH,220,Introductory Linear Algebra,02,03878,2,"M,TU,W,TH12-13.05",WEB ARR,Jun 21--Jul 30,B Nelson
MATH,273,Calculus III,01,07783,2,"M,TU,W,TH,F13.30-14.45",WEB ARR,May 10--Jun 04,B Hellwig
MATH,273,Calculus III,02,03905,2,"M,TU,W,TH9-10.05",WEB ARR,Jun 21--Jul 30,A Sijuwade
MATH,300,Mathematical Computing,01,03879,3,"M,TU,W,TH,F10.30-11.45",WEB ARR,Jun 21--Jul 30,J Shim
MATH,301,Introduction to Mathematical Reasoning,01,04004,3,"M,TU,W,TH,F9-10.15",WEB ARR,May 10--Jun 18,D Reiss
MATH,303,[M] Geometry for the Middle School Teacher,01,03853,3,"TU,TH16.15-19.35",WEB ARR,May 10--Jun 18,C Chappelle
MATH,315,Differential Equations,01,04005,3,"M,TU,W,TH,F12-13.15",WEB ARR,May 10--Jun 18,J Culp
MATH,315,Differential Equations,02,04083,3,"M,TU,W,TH,F12-13.15",WEB ARR,Jun 21--Jul 30,R Whitehead
MATH,440,Applied Mathematics I: PDEs,02,08513,3,"M,TU,W,TH12-13.15",WEB ARR,Jun 21--Jul 30,S Lapin
MATH,448,Numerical Analysis,02,08515,3,"M,TU,W,TH,F10.10-11.25",WEB ARR,May 10--Jun 18,S Lapin
MATH,497,Instructional Practicum,01,08573,V,ARRGT,ARR ARR,May 10--Jul 30,D Reiss
MATH,499,Special Problems,01,"",V,ARRGT,ARR ARR,May 10--Jun 18,D Reiss
MATH,540,Applied Mathematics I: PDEs,02,08514,3,"M,TU,W,TH12-13.15",WEB ARR,Jun 21--Jul 30,S Lapin
MATH,548,Numerical Analysis,02,08577,3,"M,TU,W,TH,F10.10-11.25",VC PUL,May 10--Jun 18,S Lapin
MATH,702,"Master's Special Problems, Directed Study, and/or Examination",01,03113,V,ARRGT,ARR ARR,May 10--Jul 30,""
MATH,800,"Doctoral Research, Dissertation, and/or Examination",01,03114,V,ARRGT,ARR ARR,May 10--Jul 30,(multiple)
MATSE,800,"Doctoral Research, Dissertation, and/or Examination",01,03110,V,ARRGT,ARR ARR,May 10--Jul 30,(multiple)
MBIOS,304,Microbiology and Molecular Biology Laboratory,01,07786,3,M13.30-16.30,WEB ARR,Jun 07--Jul 30,M Ederer
MBIOS,304,Microbiology and Molecular Biology Laboratory,01 Lab,07787,0,"TU,W,TH,F13.30-16.30",WEB ARR,Jun 07--Jul 30,M Ederer
MBIOS,495,Internship Training,01,"",V,ARRGT,ARR ARR,May 10--Jul 30,""
MBIOS,498,Directed Research,01,"",V,ARRGT,ARR ARR,May 10--Jul 30,""
MBIOS,499,Special Problems,01,"",V,ARRGT,ARR ARR,May 10--Jul 30,J Maclean
MBIOS,700,"Master's Research, Thesis, and/or Examination",01,03118,V,ARRGT,ARR ARR,May 10--Jul 30,(multiple)
MBIOS,701,Master's Independent Capstone Project and /or Examination,01,03595,V,ARRGT,ARR ARR,May 10--Jul 30,N Mccabe
MBIOS,702,"Master's Special Problems, Directed Study, and/or Examination",01,03119,V,ARRGT,ARR ARR,May 10--Jul 30,""
MBIOS,800,"Doctoral Research, Dissertation, and/or Examination",01,03120,V,ARRGT,ARR ARR,May 10--Jul 30,(multiple)
ME,116,Engineering Computer-aided Design and Visualization,01,03762,2,"M,TU,W,TH,F8-11",WEB ARR,May 10--Jun 18,D Torick
ME,212,Dynamics,01,07789,3,"M,TU,W,TH,F12-13.15",WEB ARR,Jun 21--Jul 30,N Biswas
ME,216,Integrated CAD Design,01,03763,2,"M,TU,W,TH,F7.30-10.30",WEB ARR,Jun 21--Jul 30,N Biswas
ME,220,Materials Laboratory,01,07790,1,"M,W15-17",WEB ARR,Jul 12--Jul 30,J Ding
ME,301,Fundamentals of Thermodynamics,01,04006,3,"M,TU,W,TH,F13.30-14.45",WEB ARR,May 10--Jun 18,A Morshed
ME,303,Fluid Mechanics,01,04074,3,"M,TU,W,TH,F12-13.15",WEB ARR,May 10--Jun 18,Y Hu
ME,304,Heat Transfer,01,04075,3,"M,TU,W,TH,F12-13.15",WEB ARR,Jun 21--Jul 30,P Dutta
ME,306,Thermal and Fluids Laboratory,01,07937,2,"M,TU,W,TH,F15-16",WEB ARR,Jun 21--Jul 09,A Morshed
ME,306,Thermal and Fluids Laboratory,01 Lab,07938,0,ARRGT,ARR ARR,Jun 21--Jul 09,A Morshed
ME,312,Manufacturing Engineering,01,07932,3,"M,TU,W,TH,F13.30-14.45",WEB ARR,Jul 05--Jul 30,X Bi
ME,312,Manufacturing Engineering,01 Lab,07933,0,ARRGT,ARR ARR,Jul 05--Jul 30,X Bi
ME,313,Engineering Analysis,01,03935,3,"M,TU,W,TH,F8-9",WEB ARR,May 10--Jun 18,E Allen
ME,313,Engineering Analysis,01 Lab,03936,0,"TU,TH9-12",WEB ARR,May 10--Jun 18,E Allen
ME,316,Mechanical Component Analysis and Design,01,04007,3,"M,TU,W,TH,F10.45-12",WEB ARR,Jun 21--Jul 30,K Chen
ME,348,Dynamics Systems,01,04008,3,"M,TU,W,TH,F10.45-12",WEB ARR,Jun 21--Jul 30,Y Hu
ME,405,Thermal Systems Design,01,04103,3,"M,TU,W,TH,F9.15-10.30",WEB ARR,Jun 21--Jul 30,A Morshed
ME,406,[M] Experimental Design,01,07662,3,"M,TU,W,TH,F8-10",WEB ARR,May 10--May 28,J Ding
ME,406,[M] Experimental Design,01 Lab,07663,0,ARRGT,ARR ARR,May 10--May 28,J Ding
ME,461,Introduction to Nuclear Engineering,01,04101,3,"M,TU,W,TH,F16.30-17.45",WEB ARR,Jun 21--Jul 30,D Koch
ME,488,Professional Practice Coop/Internship I,01,"",V,ARRGT,ARR ARR,May 10--Jul 30,S Brabb
ME,499,Special Problems,01,"",V,ARRGT,ARR ARR,May 10--Jul 30,""
ME,600,Special Projects or Independent Study,01,03206,V,ARRGT,ARR ARR,May 10--Jul 30,(multiple)
ME,700,"Master's Research, Thesis, and/or Examination",01,03207,V,ARRGT,ARR ARR,May 10--Jul 30,(multiple)
ME,701,Master's Independent Capstone Project and /or Examination,01,08575,V,ARRGT,ARR ARR,May 10--Jul 30,""
ME,702,"Master's Special Problems, Directed Study, and/or Examination",01,03208,V,ARRGT,ARR ARR,May 10--Jul 30,(multiple)
ME,800,"Doctoral Research, Dissertation, and/or Examination",01,03209,V,ARRGT,ARR ARR,May 10--Jul 30,(multiple)
MGMT,491,[CAPS] Strategic Management,01,03787,3,"M,TU,W,TH,F13.30-14.45",WEB ARR,May 10--Jun 18,H Yu
MGMT,498,Internship,01,"",V,ARRGT,ARR ARR,May 10--Jul 30,""
MGMT,499,Special Problems,01,"",V,ARRGT,ARR ARR,May 10--Jul 30,""
MGMT,800,"Doctoral Research, Dissertation, and/or Examination",01,03123,V,ARRGT,ARR ARR,May 10--Jul 30,L Sheppard
MGTOP,215,Business Statistics,01,03741,4,"M,TU,W,TH,F9-10.15",WEB ARR,May 10--Jun 18,V Pavlopoulos
MGTOP,215,Business Statistics,01 Lab,03742,0,"TU,TH15-17.30",WEB ARR,May 10--Jun 18,S Shahsavand
MGTOP,340,Operations Management,01,03743,3,"M,TU,W,TH,F9-10.15",WEB ARR,May 10--Jun 18,T Almutairi
MIS,250,Managing Information Technology,01,03725,3,"M,TU,W,TH,F10.30-11.45",WEB ARR,May 10--Jun 18,Z Mahid
MIS,498,Management Information Systems Internship,01,"",V,ARRGT,ARR ARR,May 10--Jul 30,R Crossler
MIS,499,Special Problems,01,"",V,ARRGT,ARR ARR,May 10--Jul 30,""
MIT,501,Learning and Development in School and Community Contexts,01,07795,3,"M,TU,W,TH9-11.20",WEB ARR,Jun 07--Jul 02,A Rud
MIT,502,Assessment for Teaching and Learning,01,07727,3,"M,TU,W,TH12-14.20",WEB ARR,Jun 07--Jul 02,R Mincks
MIT,506,Integrating Technology into Classroom Teaching,01,07796,V,"M,W,F8-10.05",WEB ARR,May 10--Jun 04,D Mcmahon
MIT,507,Teacher Inquiry and Praxis,01,03979,3,"TU,TH9-12",WEB ARR,May 10--Jun 18,J Lupinacci
MIT,508,Curriculum and Instruction Methods,01,07797,3,"M,TU,W,TH9-11.20",WEB ARR,Jul 05--Jul 30,I Haller Gryc
MIT,531,Literacy Development I,01,07724,3,"M,TU,W,TH12-14.20",WEB ARR,Jul 05--Jul 30,K Smith
MIT,535,Integrating Fine Arts into K-8 Curriculum,01,07798,2,"M,W,F15-17.05",WEB ARR,May 10--Jun 04,K Emerson
MIT,551,Literacy within the Disciplines,01,07720,3,"M,TU,W,TH12-14.20",WEB ARR,Jul 05--Jul 30,P Provinsal
MIT,702,"Master's Special Problems, Directed Study, and/or Examination",01,03570,2,ARRGT,ARR ARR,May 10--Jun 18,J Lupinacci
MKTG,360,Marketing,01,03880,3,"M,TU,W,TH,F15-16.15",WEB ARR,Jun 21--Jul 30,B Phifer
MKTG,360,Marketing,02,03834,3,"M,TU,W,TH,F12-13.15",WEB ARR,May 10--Jun 18,J Groves
MKTG,368,Marketing Research,01,03726,3,"M,TU,W,TH,F16.30-17.45",WEB ARR,May 10--Jun 18,N Haghighi
MKTG,450,Digital Marketing,01,03842,3,"M,TU,W,TH,F15-16.15",WEB ARR,May 10--Jun 18,M Liu
MKTG,470,Retail Management,01,07934,3,"M,TU,W,TH,F10.30-11.45",WEB ARR,Jun 21--Jul 30,D Naidu
MKTG,498,Marketing Internship,01,"",V,ARRGT,ARR ARR,May 10--Jul 30,J Joireman
MKTG,499,Special Problems,01,"",V,ARRGT,ARR ARR,May 10--Jul 30,J Joireman
MKTG,600,Special Projects or Independent Study,01,03607,V,ARRGT,ARR ARR,May 10--Jul 30,J Joireman
MKTG,702,"Master's Special Problems, Directed Study, and/or Examination",01,03608,V,ARRGT,ARR ARR,May 10--Jul 30,J Joireman
MKTG,800,"Doctoral Research, Dissertation, and/or Examination",01,03609,V,ARRGT,ARR ARR,May 10--Jul 30,J Joireman
MPS,800,"Doctoral Research, Dissertation and/or Examination",01,03128,V,ARRGT,ARR ARR,May 10--Jul 30,(multiple)
MSE,201,Materials Science,01,03882,3,"M,TU,W,TH,F15-16.15",WEB ARR,May 10--Jun 18,I Sargin
MSE,302,Electronic Materials,01,07841,3,"M,TU,W,TH,F9-10.15",WEB ARR,Jun 21--Jul 30,S Li
MSE,425,[M] Senior Thesis I,01,"",3,ARRGT,ARR ARR,May 10--Jul 30,J Ding
MSE,488,Professional Practice Coop/Internship I,01,"",V,ARRGT,ARR ARR,May 10--Jul 30,S Brabb
MSE,600,Special Projects or Independent Study,01,03211,V,ARRGT,ARR ARR,May 10--Jul 30,""
MSE,700,"Master's Research, Thesis, and/or Examination",01,03212,V,ARRGT,ARR ARR,May 10--Jul 30,(multiple)
MSE,701,Master's Independent Capstone Project and /or Examination,01,08693,V,ARRGT,ARR ARR,May 10--Jul 30,""
MSE,702,"Master's Special Problems, Directed Study, and/or Examination",01,03213,V,ARRGT,ARR ARR,May 10--Jul 30,(multiple)
MUS,120,[ARTS] Class Guitar,01,03745,3,"M,TU,W,TH,F18-19.15",WEB ARR,May 10--Jun 18,G Condon
MUS,164,Introduction to Music Technology,01,07410,1,ARRGT,ARR ARR,May 10--Jun 04,S Blasco
MUS,202,Piano,01,07380,2,ARRGT,ARR ARR,May 10--Jun 18,Y Roh
MUS,213,Contrabass,01,07405,2,ARRGT,ARR ARR,May 10--Jun 18,F Snider
MUS,220,Guitar,01,07846,2,ARRGT,ARR ARR,May 10--Jun 18,G Condon
MUS,256,Seminar in Composition,01,"",2,ARRGT,ARR ARR,May 10--Jun 18,S Blasco
MUS,262,[ARTS] Rock Music: History and Social Analysis,01,07803,3,"M,TU,W,TH,F10.30-12",KIMB 110,Jun 28--Jul 30,F Snider
MUS,302,Piano,01,07402,V,ARRGT,ARR ARR,May 10--Jun 18,Y Roh
MUS,313,Contrabass,01,07406,V,ARRGT,ARR ARR,May 10--Jun 18,F Snider
MUS,320,Guitar,01,07847,V,ARRGT,ARR ARR,May 10--Jun 18,G Condon
MUS,556,Graduate Seminar in Advanced Composition,01,07408,V,ARRGT,ARR ARR,May 10--Jun 18,S Blasco
NEUROSCI,495,Directed Research,01,"",V,ARRGT,ARR ARR,May 10--Jul 30,(multiple)
NEUROSCI,499,Special Problems,01,03130,V,ARRGT,ARR ARR,May 10--Jul 30,(multiple)
NEUROSCI,600,Special Projects or Independent Study,01,03131,V,ARRGT,ARR ARR,May 10--Jul 30,(multiple)
NEUROSCI,700,"Master's Research, Thesis, and/or Examination",01,03132,V,ARRGT,ARR ARR,May 10--Jul 30,(multiple)
NEUROSCI,800,"Doctoral Research, Dissertation, and/or Examination",01,03133,V,ARRGT,ARR ARR,May 10--Jul 30,(multiple)
PHIL,365,[HUM] Biomedical Ethics,01,03728,3,"M,TU,W,TH,F9-10.15",WEB ARR,May 10--Jun 18,W Kabasenche
PHYSICS,101,[PSCI] General Physics,01,07812,4,"M,TU,W,TH,F9-9.50",WEB ARR,Jun 07--Jul 30,M Allen
PHYSICS,101,[PSCI] General Physics,01 Lab,07813,0,"TU,TH10-10.30",WEB ARR,Jun 07--Jul 30,J Tall
PHYSICS,101,[PSCI] General Physics,02 Lab,07814,0,"TU,TH15-15.30",WEB ARR,Jun 07--Jul 30,W Olsen
PHYSICS,101,[PSCI] General Physics,03 Lab,07815,0,"TU,TH12-12.30",WEB ARR,Jun 07--Jul 30,E Eskew
PHYSICS,101,[PSCI] General Physics,04 Lab,08526,0,"TU,TH10-10.30",WEB ARR,Jun 07--Jul 30,A Cameron
PHYSICS,101,[PSCI] General Physics,05 Lab,08585,0,"TU,TH12-12.30",WEB ARR,Jun 07--Jul 30,N Muhammed
PHYSICS,102,General Physics,01,07816,4,"M,TU,W,TH,F10.30-11.20",WEB ARR,Jun 07--Jul 30,S Mossman
PHYSICS,102,General Physics,01 Lab,07817,0,"TU,TH9.30-10",WEB ARR,Jun 07--Jul 30,W Wills
PHYSICS,102,General Physics,02 Lab,07818,0,"TU,TH12.30-13",WEB ARR,Jun 07--Jul 30,B Castillo
PHYSICS,201,[PSCI] Physics for Scientists and Engineers I,01,07819,4,"M,TU,W,TH,F10.30-11.20",WEBS 11,Jun 01--Jul 30,N Cerruti
PHYSICS,201,[PSCI] Physics for Scientists and Engineers I,01 Lab,07820,0,"TU,TH13-13.30",WEB ARR,Jun 07--Jul 30,H Schlunt
PHYSICS,201,[PSCI] Physics for Scientists and Engineers I,02 Lab,07821,0,"TU,TH9-9.30",WEB ARR,Jun 01--Jul 30,A Papol
PHYSICS,202,Physics for Scientists and Engineers II,01,07823,4,"M,TU,W,TH,F9-9.50",WEBS 11,Jun 01--Jul 30,N Cerruti
PHYSICS,202,Physics for Scientists and Engineers II,01 Lab,07824,0,"TU,TH13.30-14",WEB ARR,Jun 07--Jul 30,J Pulikkottil Jacob
PHYSICS,202,Physics for Scientists and Engineers II,02 Lab,07825,0,"TU,TH13.30-14",WEB ARR,Jun 07--Jul 30,P Tiwari
PHYSICS,700,"Master's Research, Thesis, and/or Examination",01,03139,V,ARRGT,ARR ARR,May 10--Jul 30,(multiple)
PHYSICS,702,"Master's Special Problems, Directed Study and/or Examination",01,03140,V,ARRGT,ARR ARR,May 10--Jul 30,(multiple)
PHYSICS,800,"Doctoral Research, Dissertation, and/or Examination",01,03141,V,ARRGT,ARR ARR,May 10--Jul 30,(multiple)
PL_P,499,Special Problems,01,"",V,ARRGT,ARR ARR,May 10--Jul 30,""
PL_P,700,"Master's Research, Thesis, and/or Examination",01,03354,V,ARRGT,ARR,May 10--Jul 30,G Chastagner
PL_P,700,"Master's Research, Thesis, and/or Examination",02,03355,V,ARRGT,ARR,May 10--Jul 30,W Chen
PL_P,700,"Master's Research, Thesis, and/or Examination",03,03142,V,ARRGT,ARR,May 10--Jul 30,X Chen
PL_P,700,"Master's Research, Thesis, and/or Examination",04,03356,V,ARRGT,ARR,May 10--Jul 30,A Amiri
PL_P,700,"Master's Research, Thesis, and/or Examination",05,03357,V,ARRGT,ARR,May 10--Jul 30,L Du Toit
PL_P,700,"Master's Research, Thesis, and/or Examination",07,03358,V,ARRGT,ARR,May 10--Jul 30,G Grove
PL_P,700,"Master's Research, Thesis, and/or Examination",08,03359,V,ARRGT,ARR,May 10--Jul 30,S Hulbert
PL_P,700,"Master's Research, Thesis, and/or Examination",09,03360,V,ARRGT,ARR,May 10--Jul 30,D Inglis
PL_P,700,"Master's Research, Thesis, and/or Examination",10,03361,V,ARRGT,ARR,May 10--Jul 30,D Johnson
PL_P,700,"Master's Research, Thesis, and/or Examination",12,03363,V,ARRGT,ARR,May 10--Jul 30,T Murray
PL_P,700,"Master's Research, Thesis, and/or Examination",13,03364,V,ARRGT,ARR,May 10--Jul 30,P Okubara
PL_P,700,"Master's Research, Thesis, and/or Examination",14,03365,V,ARRGT,ARR,May 10--Jul 30,H Pappu
PL_P,700,"Master's Research, Thesis, and/or Examination",15,03366,V,ARRGT,ARR,May 10--Jul 30,T Paulitz
PL_P,700,"Master's Research, Thesis, and/or Examination",16,03367,V,ARRGT,ARR,May 10--Jul 30,T Peever
PL_P,700,"Master's Research, Thesis, and/or Examination",17,03368,V,ARRGT,ARR,May 10--Jul 30,N Rayapati
PL_P,700,"Master's Research, Thesis, and/or Examination",18,03369,V,ARRGT,ARR,May 10--Jul 30,D See
PL_P,700,"Master's Research, Thesis, and/or Examination",19,03370,V,ARRGT,ARR,May 10--Jul 30,K Tanaka
PL_P,700,"Master's Research, Thesis, and/or Examination",20,03505,V,ARRGT,ARR,May 10--Jul 30,G Vandemark
PL_P,800,"Doctoral Research, Dissertation, and/or Examination",01,03143,V,ARRGT,ARR ARR,May 10--Jul 30,G Chastagner
PL_P,800,"Doctoral Research, Dissertation, and/or Examination",02,03371,V,ARRGT,ARR ARR,May 10--Jul 30,W Chen
PL_P,800,"Doctoral Research, Dissertation, and/or Examination",03,03372,V,ARRGT,ARR ARR,May 10--Jul 30,X Chen
PL_P,800,"Doctoral Research, Dissertation, and/or Examination",04,03373,V,ARRGT,ARR ARR,May 10--Jul 30,F Dugan
PL_P,800,"Doctoral Research, Dissertation, and/or Examination",05,03374,V,ARRGT,ARR ARR,May 10--Jul 30,L Du Toit
PL_P,800,"Doctoral Research, Dissertation, and/or Examination",07,03375,V,ARRGT,ARR ARR,May 10--Jul 30,G Grove
PL_P,800,"Doctoral Research, Dissertation, and/or Examination",08,03376,V,ARRGT,ARR ARR,May 10--Jul 30,S Hulbert
PL_P,800,"Doctoral Research, Dissertation, and/or Examination",09,03377,V,ARRGT,ARR ARR,May 10--Jul 30,D Inglis
PL_P,800,"Doctoral Research, Dissertation, and/or Examination",10,03378,V,ARRGT,ARR ARR,May 10--Jul 30,D Johnson
PL_P,800,"Doctoral Research, Dissertation, and/or Examination",12,03380,V,ARRGT,ARR ARR,May 10--Jul 30,T Murray
PL_P,800,"Doctoral Research, Dissertation, and/or Examination",13,03381,V,ARRGT,ARR ARR,May 10--Jul 30,P Okubara
PL_P,800,"Doctoral Research, Dissertation, and/or Examination",14,03382,V,ARRGT,ARR ARR,May 10--Jul 30,H Pappu
PL_P,800,"Doctoral Research, Dissertation, and/or Examination",15,03383,V,ARRGT,ARR ARR,May 10--Jul 30,T Paulitz
PL_P,800,"Doctoral Research, Dissertation, and/or Examination",16,03384,V,ARRGT,ARR ARR,May 10--Jul 30,T Peever
PL_P,800,"Doctoral Research, Dissertation, and/or Examination",17,03385,V,ARRGT,ARR ARR,May 10--Jul 30,N Rayapati
PL_P,800,"Doctoral Research, Dissertation, and/or Examination",18,03386,V,ARRGT,ARR ARR,May 10--Jul 30,D See
PL_P,800,"Doctoral Research, Dissertation, and/or Examination",19,03387,V,ARRGT,ARR ARR,May 10--Jul 30,K Tanaka
PL_P,800,"Doctoral Research, Dissertation, and/or Examination",20,03506,V,ARRGT,ARR ARR,May 10--Jul 30,G Vandemark
PL_P,800,"Doctoral Research, Dissertation, and/or Examination",21,03507,V,ARRGT,ARR ARR,May 10--Jul 30,D Weller
POL_S,381,Crime and Justice in the Movies,01,07751,3,"M,TU,W,TH12-15",WEB ARR,May 09--Jun 04,M Miller
POL_S,381,Crime and Justice in the Movies,01 Lab,07752,0,ARRGT,ARR ARR,May 09--Jun 04,M Miller
POL_S,435,Politics of Developing Nations,01,07379,3,"M,TU,W,TH,F10-11.30",WEB ARR,May 10--Jun 11,R Elgar
POL_S,497,Political Science Internship,01,"",V,ARRGT,ARR ARR,May 10--Jul 30,R Elgar
PREV_SCI,700,"Master's Research, Thesis, and/or Examination",01,03148,V,ARRGT,ARR ARR,May 10--Jul 30,""
PREV_SCI,800,"Doctoral Research, Dissertation, and/or Examination",01,03149,V,ARRGT,ARR ARR,May 10--Jul 30,""
PSYCH,210,Psychology as a Science,01,03810,3,"M,TU,W,TH,F12-13.15",WEB ARR,Jun 21--Jul 30,E Sehic
PSYCH,311,[QUAN] Statistics in Psychology,01,07433,4,"M,TU,W,TH,F13.30-14.45",WEB ARR,Jun 07--Jul 30,A Lau
PSYCH,333,Abnormal Psychology,01,03892,3,"M,TU,W,TH,F10.30-11.45",WEB ARR,May 10--Jun 18,V Jones
PSYCH,350,Social Psychology,01,03893,3,"M,TU,W,TH,F9-10.15",WEB ARR,May 10--Jun 18,A Lambros
PSYCH,497,Instructional Practicum,01,03214,V,ARRGT,ARR ARR,May 10--Jul 30,S Swindell
PSYCH,498,Research Participation,01,03215,V,ARRGT,ARR ARR,May 10--Jul 30,E Canning
PSYCH,498,Research Participation,02,03253,V,ARRGT,ARR ARR,May 10--Jul 30,M Schmitter-Edgecombe
PSYCH,800,"Doctoral Research, Dissertation, and/or Examination",01,"",V,ARRGT,ARR ARR,May 10--Jul 30,D Marcus
SDC,100,[ARTS] World of Design and Construction,01,03895,3,"M,TU,W,TH,F9-10.15",WEB ARR,Jun 21--Jul 30,G Kraszewski
SDC,120,Foundational Drawing,01,03832,3,"M,TU,W,TH14-16.30",WEB ARR,May 10--Jun 18,C Vielle
SDC,140,Foundation Studio I,01,03896,3,"M,TU,W,TH,F10.30-12.30",WEB ARR,Jun 21--Jul 30,M Cowan
SDC,488,Professional Practice Coop/Internship I,01,"",V,ARRGT,ARR ARR,May 10--Jul 30,S Brabb
SOC,350,Social Psychology,01,03894,3,"M,TU,W,TH,F9-10.15",WEB ARR,May 10--Jun 18,A Lambros
SOC,700,"Master's Research, Thesis, and/or Examination",01,03151,V,ARRGT,ARR ARR,May 10--Jul 30,(multiple)
SOC,800,"Doctoral Research, Dissertation, and/or Examination",01,"",V,ARRGT,ARR,May 10--Jul 30,(multiple)
SOE,492,Special Topics,01,"",V,ARRGT,ARR ARR,Jun 21--Jul 30,K Whitman
SOE,495,Undergraduate Internship,01,"",V,ARRGT,ARR ARR,May 10--Jul 30,A King
SOE,700,"Master's Research, Thesis, and/or Examination",01,03614,V,ARRGT,ARR ARR,May 10--Jul 30,(multiple)
SOE,800,"Doctoral Research, Dissertation, and/or Examination",01,03616,V,ARRGT,ARR ARR,May 10--Jul 30,(multiple)
SOIL_SCI,480,Practicum in Organic Agriculture,01,"",V,ARRGT,ARR ARR,May 10--Jul 30,B Jaeckel
SOIL_SCI,498,Professional Internship,01,"",V,ARRGT,ARR ARR,May 10--Jul 30,J Reganold
SOIL_SCI,499,Special Problems,01,"",V,ARRGT,ARR ARR,May 10--Jul 30,J Reganold
SOIL_SCI,502,Advanced Topics in Soils,01,03990,3,"M,TU,W,TH10.30-11.45",SPRK 212,May 10--Jun 18,M Islam
SOIL_SCI,600,Special Projects or Independent Study,01,"",V,ARRGT,ARR ARR,May 10--Jul 30,""
SOIL_SCI,700,"Master's Research, Thesis, and/or Examination",01,03157,V,ARRGT,ARR ARR,May 10--Jul 30,D Brown
SOIL_SCI,700,"Master's Research, Thesis, and/or Examination",02,03295,V,ARRGT,ARR ARR,May 10--Jul 30,L Carpenter-Boggs
SOIL_SCI,700,"Master's Research, Thesis, and/or Examination",03,03296,V,ARRGT,ARR ARR,May 10--Jul 30,D Collins
SOIL_SCI,700,"Master's Research, Thesis, and/or Examination",04,03297,V,ARRGT,ARR ARR,May 10--Jul 30,D Griffin
SOIL_SCI,700,"Master's Research, Thesis, and/or Examination",05,03298,V,ARRGT,ARR ARR,May 10--Jul 30,M Flury
SOIL_SCI,700,"Master's Research, Thesis, and/or Examination",06,03299,V,ARRGT,ARR ARR,May 10--Jul 30,J Goldberger
SOIL_SCI,700,"Master's Research, Thesis, and/or Examination",07,03300,V,ARRGT,ARR ARR,May 10--Jul 30,G Lahue
SOIL_SCI,700,"Master's Research, Thesis, and/or Examination",08,03301,V,ARRGT,ARR ARR,May 10--Jul 30,D Huggins
SOIL_SCI,700,"Master's Research, Thesis, and/or Examination",09,03302,V,ARRGT,ARR ARR,May 10--Jul 30,M Neff
SOIL_SCI,700,"Master's Research, Thesis, and/or Examination",11,03304,V,ARRGT,ARR ARR,May 10--Jul 30,J Reganold
SOIL_SCI,700,"Master's Research, Thesis, and/or Examination",13,03306,V,ARRGT,ARR ARR,May 10--Jul 30,T Sullivan
SOIL_SCI,700,"Master's Research, Thesis, and/or Examination",14,03307,V,ARRGT,ARR ARR,May 10--Jul 30,H Tao
SOIL_SCI,702,"Master's Special Problems, Directed Study, and/or Examination",01,03158,V,ARRGT,ARR,May 10--Jul 30,""
SOIL_SCI,800,"Doctoral Research, Dissertation, and/or Examination",01,03159,V,ARRGT,ARR ARR,May 10--Jul 30,D Brown
SOIL_SCI,800,"Doctoral Research, Dissertation, and/or Examination",02,03308,V,ARRGT,ARR ARR,May 10--Jul 30,(multiple)
SOIL_SCI,800,"Doctoral Research, Dissertation, and/or Examination",03,03309,V,ARRGT,ARR ARR,May 10--Jul 30,D Collins
SOIL_SCI,800,"Doctoral Research, Dissertation, and/or Examination",04,03310,V,ARRGT,ARR ARR,May 10--Jul 30,""
SOIL_SCI,800,"Doctoral Research, Dissertation, and/or Examination",05,03311,V,ARRGT,ARR ARR,May 10--Jul 30,M Flury
SOIL_SCI,800,"Doctoral Research, Dissertation, and/or Examination",07,03313,V,ARRGT,ARR ARR,May 10--Jul 30,J Goldberger
SOIL_SCI,800,"Doctoral Research, Dissertation, and/or Examination",08,03314,V,ARRGT,ARR ARR,May 10--Jul 30,J Harsh
SOIL_SCI,800,"Doctoral Research, Dissertation, and/or Examination",09,03315,V,ARRGT,ARR ARR,May 10--Jul 30,D Huggins
SOIL_SCI,800,"Doctoral Research, Dissertation, and/or Examination",11,03317,V,ARRGT,ARR ARR,May 10--Jul 30,J Reganold
SOIL_SCI,800,"Doctoral Research, Dissertation, and/or Examination",13,03319,V,ARRGT,ARR ARR,May 10--Jul 30,T Sullivan
SOIL_SCI,800,"Doctoral Research, Dissertation, and/or Examination",14,03320,V,ARRGT,ARR ARR,May 10--Jul 30,H Tao
SPANISH,420,[CAPS] [M] Cultural Topics,01,03679,3,"M,TU,W,TH,F9-10.15",WEB ARR,May 10--Jun 18,A Ramirez Mendez
SPEC_ED,490,Practicum in Special Education,01,"",V,ARRGT,ARR ARR,May 10--May 28,S Skavdahl
SPEC_ED,499,Special Problems,01,"",V,ARRGT,ARR ARR,May 10--Jul 30,""
SPEC_ED,522,Topics in Special Education,01,"",V,ARRGT,ARR ARR,May 10--Jul 30,""
SPEC_ED,590,Practicum in Special Education,01,03571,V,ARRGT,ARR ARR,May 10--Jul 30,""
SPEC_ED,600,Special Projects or Independent Study,01,"",V,ARRGT,ARR ARR,May 10--Jul 30,""
SPEC_ED,700,"Master's Research, Thesis, and/or Examination",01,04105,V,ARRGT,ARR ARR,May 10--Jul 30,""
SPEC_ED,702,"Master's Special Problems, Directed Study, and/or Examination",01,04106,V,ARRGT,ARR ARR,May 10--Jul 30,M Dunn
SPEC_ED,800,"Doctoral Research, Dissertation, and/or Examination",01,03162,V,ARRGT,ARR ARR,May 10--Jul 30,(multiple)
SPMGT,101,[DIVR] Sport and Popular Culture: Trends and Issues,01,03767,3,"M,TU,W,TH,F9-10.15",WEB ARR,May 10--Jun 18,T Crawford
SPMGT,394,Practicum in Sport Management,01,03163,V,ARRGT,ARR ARR,May 10--Jul 30,T Crawford
SPMGT,491,Internship,01,"",V,ARRGT,ARR ARR,May 10--Jul 30,S Licen
SPMGT,491,Internship,02,"",V,ARRGT,ARR ARR,May 10--Jul 30,(multiple)
STAT,360,Probability and Statistics,01,03735,3,"M,TU,W,TH,F9-10.15",WEB ARR,May 10--Jun 18,X Wen
STAT,702,"Master's Special Problems, Directed Study, and/or Examination",01,03602,V,ARRGT,ARR ARR,May 10--Jul 30,L Schreyer
STAT,800,"Doctoral Research, Dissertation, and/or Examination",01,03660,V,ARRGT,ARR ARR,May 10--Jul 30,L Schreyer
TCH_LRN,307,Survey of Children's Literature,01,08496,3,"M,TU,W,TH,F9-12",WEB ARR,May 10--May 28,J Kelley
TCH_LRN,317,Initial Practicum Experience,01,03736,2,ARRGT,ARR ARR,May 10--Jun 18,L White
TCH_LRN,463,Teaching Concepts of Probability and Statistics,01,04072,3,"M,W13.30-16.40",WEB ARR,Jun 21--Jul 30,M Haberlach
TCH_LRN,483,Integrating Health and Fitness into K-8 Curriculum,01,07835,3,"M,W,F8-10.05",WEB ARR,May 10--Jun 04,P Morgan
TCH_LRN,499,Special Problems,01,"",V,ARRGT,ARR ARR,May 10--Jul 30,""
TCH_LRN,521,Topics in Education,02,"",V,ARRGT,ARR ARR,May 10--Jul 30,""
TCH_LRN,522,Topics in Education,01,07858,V,"M,TU,W,TH,F9-12",WEB ARR,May 10--May 28,J Egbert
TCH_LRN,528,Literacy within the Disciplines,01,"",3,"M,TU,W,TH12-14.30",WEB ARR,Jul 05--Jul 30,P Provinsal
TCH_LRN,563,Teaching Concepts of Probability and Statistics,01,04073,3,"M,W13.30-16.40",WEB ARR,Jun 21--Jul 30,M Haberlach
TCH_LRN,590,Internship,01,03230,V,ARRGT,ARR ARR,May 10--Jul 30,""
TCH_LRN,591,Research Internship in Math/Science Education,01,03171,V,ARRGT,ARR ARR,May 10--Jul 30,S Fick
TCH_LRN,591,Research Internship in Math/Science Education,02,08591,V,ARRGT,ARR ARR,May 10--Jul 30,(multiple)
TCH_LRN,600,Special Projects or Independent Study,01,"",V,ARRGT,ARR ARR,May 10--Jul 30,""
TCH_LRN,700,"Master's Research, Thesis, and/or Examination",01,03173,V,ARRGT,ARR ARR,May 10--Jul 30,""
TCH_LRN,702,"Master's Special Problems, Directed Study, and/or Examination",01,03174,V,ARRGT,ARR,May 10--Jul 30,""
TCH_LRN,800,"Doctoral Research, Dissertation, and/or Examination",01,03175,V,ARRGT,ARR,May 10--Jul 30,""
UNIV,100,College Majors and Career Exploration,01,08424,1,"M,TU,W,TH9.10-10",SPRK 333,Jun 28--Jul 30,A Morgan
UNIV,110,Developing Academic Strategies for Reading and Writing,01,"",4,"M,TU,W,TH16.10-17",WEB ARR,May 10--Jul 30,J Bilek
UNIV,111,Developing Academic Strategies for Listening and Discussion,01,"",4,"M,TU,W,TH16.10-17",WEB ARR,May 10--Jul 30,L Reed
VET_CLIN,700,"Master's Research, Thesis, and/or Examination",01,03182,V,ARRGT,ARR ARR,May 10--Jul 30,(multiple)
VET_CLIN,800,"Doctoral Research, Dissertation, and/or Examination",01,03184,V,ARRGT,"",May 10--Jul 30,(multiple)
VET_MED,597,Special Topics,01,"",V,ARRGT,ARR ARR,May 10--Jun 14,S Martinez
VET_MED,597,Special Topics,02,"",V,ARRGT,ARR ARR,Jun 14--Jul 19,S Martinez
VET_MED,597,Special Topics,03,"",V,ARRGT,ARR ARR,Jul 19--Aug 23,S Martinez
VET_MED,597,Special Topics,04,"",V,ARRGT,ARR ARR,May 10--Jun 20,J Fidel
VET_MICR,499,Special Problems,01,03177,V,ARRGT,ARR ARR,May 10--Jul 30,(multiple)
VET_MICR,541,Advanced Diagnostic Microbiology,01,03178,1,ARRGT,ARR ARR,May 10--Jul 30,""
VET_MICR,600,Special Projects or Independent Study,01,03179,V,ARRGT,ARR ARR,May 10--Jul 30,""
VET_MICR,700,"Master's Research, Thesis, and/or Examination",01,03180,V,ARRGT,ARR ARR,May 10--Jul 30,(multiple)
VET_MICR,800,"Doctoral Research, Dissertation, and/or Examination",01,03181,V,ARRGT,ARR ARR,May 10--Jul 30,(multiple)
VET_PATH,542,Advanced Diagnostic Pathology,01,03186,1,ARRGT,ARR ARR,May 10--Jul 30,""
VET_PATH,592,Anatomic Pathology Seminar,01,03187,2,ARRGT,ARR ARR,May 10--Jul 30,""
VET_PATH,700,"Master's Research, Thesis, and/or Examination",01,03188,V,ARRGT,ARR ARR,May 10--Jul 30,(multiple)
VET_PATH,800,"Doctoral Research, Dissertation, and/or Examination",01,03189,V,ARRGT,ARR ARR,May 10--Jul 30,(multiple)
VET_PH,499,Special Problems,01,03190,V,ARRGT,ARR ARR,May 10--Jul 30,(multiple)
VET_PH,800,"Doctoral Research, Dissertation, and/or Examination",01,03193,V,ARRGT,ARR ARR,May 10--Jul 30,(multiple)
VIT_ENOL,399,Professional Work Experience,01,03099,V,ARRGT,ARR ARR,May 10--Jul 30,A Snider
VIT_ENOL,496,Internship in a Winery,01,"",2,ARRGT,ARR ARR,May 10--Jul 30,G Ganjyal
WOMEN_ST,216,Introduction to American Cultural Studies,01,07660,3,"M,TU,W,TH,F10-11.25",WEB ARR,Jun 21--Jul 30,T Carrasco
WOMEN_ST,316,[DIVR] Gender in Cross Cultural Perspective,01,03858,3,"M,TU,W,TH,F10.30-11.45",WEB ARR,Jun 21--Jul 30,H Macintyre
