Prefix,Course Number,Course Title,Section,Class Number,Credit,Days & Times,Bldg & Room,Instructor
ANTH,404,[CAPS] The Self in Culture,01,"",3,ARRGT,ARR ARR,J Mageo
ANTH,418,Human Issues in International Development,01,"",3,ARRGT,ARR ARR,R Quinlan
B_A,100,Introduction to Business,01,13975,3,ARRGT,ARR ARR,C Cooney
BIOLOGY,301,General Genetics,01,"",4,ARRGT,ARR ARR,N Mccabe
COMSOC,421,[CAPS] Intercultural Communication and Globalization,01,"",3,ARRGT,ARR ARR,""
CRM_J,555,Seminar in Criminological Theory,01,12976,3,TU14.10-17,WEB ARR,A Pedneault
ED_AD,503,Values and Ethics for Educational Leaders,01,"",3,TU17.45-20.30,VC ARR,J Walls
ED_AD,521,Topics in Education,01,"",V,ARRGT,ARR ARR,G Hill
ED_AD,521,Topics in Education,02,"",3,ARRGT,ARR ARR,G Hill
ED_AD,521,Topics in Education,04,"",3,W17.45-20.30,WEB ARR,K Huggins
ED_AD,522,Topics in Education,01,"",V,ARRGT,ARR ARR,""
ED_AD,522,Topics in Education,02,14002,V,TH17.45-20.30,WEB ARR,K Rodela
ED_AD,583,Community and Communications,01,14821,3,W17.45-20.30,VC ARR,J Walls
ED_AD,587,Seminar in School Administration,01,"",V,ARRGT,ARR ARR,G Hill
ED_AD,590,Internship,01,"",V,ARRGT,ARR ARR,G Hill
ED_AD,590,Internship,02,"",V,ARRGT,ARR ARR,G Hill
ED_AD,590,Internship,03,"",V,ARRGT,ARR ARR,R Mcbride
ED_AD,600,Special Projects or Independent Study,01,"",V,ARRGT,ARR ARR,G Hill
ED_AD,600,Special Projects or Independent Study,02,"",V,ARRGT,ARR ARR,G Hill
ED_AD,702,"Master's Special Problems, Directed Study, and/or Examination",01,"",V,ARRGT,ARR ARR,(multiple)
ED_AD,800,"Doctoral Research, Dissertation, and/or Examination",01,13451,V,ARRGT,ARR ARR,(multiple)
ED_MTHSC,598,Research Seminar in Mathematics and Science Education,01,13478,1,W16.30-17.30,ARR ARR,A Cavagnetto
ED_MTHSC,800,"Doctoral Research, Dissertation, and/or Examination",01,13479,V,ARRGT,ARR ARR,(multiple)
ED_PSYCH,505,Research Methods I,01,13440,3,ARRGT,ARR ARR,K Carbonneau
ED_PSYCH,508,Educational Statistics,01,13891,3,W16.10-19,"",""
ED_PSYCH,521,Topics in Educational Psychology,01,16106,3,M17.45-20.30,WEB ARR,R Danielson
ED_PSYCH,575,Multilevel Modeling,01,16213,3,TH13.10-16,WEB ARR,B French
ED_RES,562,"Epistemology, Inquiry, and Representation",01,14884,3,TU17.45-20.30,VC ARR,""
ED_RES,563,Principles of Research,01,13437,3,TU17.45-20.30,VC ARR,R Danielson
ED_RES,564,Qualitative Research,01,13531,3,TU17.45-20.30,AMS SPK,S Johnson
ED_RES,564,Qualitative Research,02,"",3,M17.45-20.30,AMS SPK,S Finley
FS,510,Functional Foods and Health,01,"",3,ARRGT,ARR ARR,T Bernhard
FS,531,Advanced Food Safety and Quality,01,13681,3,ARRGT,ARR ARR,T Bernhard
H_D,205,[COMM] Developing Effective Communication and Life Skills,02,"",4,ARRGT,ARR ARR,M Strey
H_D,205,[COMM] Developing Effective Communication and Life Skills,02 Lab,"",0,ARRGT,ARR ARR,""
H_D,520,Adolescence,01,13505,3,M14.10-17,WEB ARR,J Duckworth
H_D,550,Seminar on Family Relationships,01,13562,3,W14.10-17,WEB ARR,Y Sano
H_D,580,"Families, Community and Public Policy",01,13960,3,TU15.10-18,WEB ARR,P Pendry
H_D,600,Special Projects or Independent Study,01,13495,V,ARRGT,ARR ARR,""
HISTORY,305,[ROOT] Roots of Contemporary Issues For Transfer Students,03,"",3,ARRGT,ARR ARR,K Krotke-Crandall
HONORS,201,MESI Workshop Series,01,16405,1,ARRGT,ARR ARR,L Gerber
HONORS,212,Active and Immersive Community Engagement,01,16402,1,ARRGT,ARR ARR,L Gerber
HONORS,398,Honors Thesis Proposal Seminar,06,16175,1,ARRGT,ARR ARR,J Graves
HONORS,450,Honors Thesis or Project,01,"",V,ARRGT,ARR ARR,""
MED_CLIN,524,Longitudinal Integrated Clerkship IV,01,14005,10,ARRGT,ARR ARR,J Bowman
MED_CLIN,531,Sub Internship in Family Medicine,01,"",4,ARRGT,ARR ARR,J Haney
MED_CLIN,532,Sub Internship in Internal Medicine,01,"",4,ARRGT,ARR ARR,L Sood
MED_CLIN,534,Sub Internship in Pediatrics,01,"",4,ARRGT,ARR ARR,C Anderson
MED_CLIN,535,Sub Internship in Psychiatry,01,"",4,ARRGT,ARR ARR,M Layton
MED_CLIN,536,Sub Internship in Obstetrics and Gynecology,01,"",4,ARRGT,ARR ARR,H Andersen
MED_CLIN,537,Emergency Medicine,01,"",4,ARRGT,ARR ARR,C Heine
MED_CLIN,538,Rural Medicine,01,"",4,ARRGT,ARR ARR,J Haney
MED_CLIN,539,Underserved Medicine,01,"",4,ARRGT,ARR ARR,J Haney
MED_CLIN,541,Radiology,01,"",V,ARRGT,ARR ARR,L Sood
MED_CLIN,542,Dermatology,01,"",V,ARRGT,ARR ARR,C Heine
MED_CLIN,543,Physical Medicine and Rehabilitation,01,"",V,ARRGT,ARR ARR,C Heine
MED_CLIN,544,Clinical Rotation in Nephrology,01,"",4,ARRGT,ARR ARR,L Sood
MED_CLIN,545,Critical Care Medicine,01,"",4,ARRGT,ARR ARR,L Sood
MED_CLIN,546,Clinical Rotation in Vascular Surgery,01,"",4,ARRGT,ARR ARR,A Kumar
MED_CLIN,547,Clinical Rotation in Cardiology,01,"",4,ARRGT,ARR ARR,L Sood
MED_CLIN,548,Clinical Rotation in Orthopaedic Surgery,01,"",4,ARRGT,ARR ARR,A Kumar
MED_CLIN,549,Clinical Rotation in Hematology and Oncology,01,"",4,ARRGT,ARR ARR,L Sood
MED_CLIN,551,Pathology,01,"",V,ARRGT,ARR ARR,L Sood
MED_CLIN,552,Clinical Rotation in Gastroenterology,01,"",4,ARRGT,ARR ARR,L Sood
MED_CLIN,553,Pediatric Subspecialties,01,"",V,ARRGT,ARR ARR,C Anderson
MED_CLIN,553,Pediatric Subspecialties,02,"",V,ARRGT,ARR ARR,C Anderson
MED_CLIN,553,Pediatric Subspecialties,03,"",V,ARRGT,ARR ARR,C Anderson
MED_CLIN,560,Advanced Family Medicine,01,"",V,ARRGT,ARR ARR,J Haney
MED_CLIN,560,Advanced Family Medicine,02,"",V,ARRGT,ARR ARR,J Haney
MED_CLIN,560,Advanced Family Medicine,03,"",V,ARRGT,ARR ARR,J Haney
MED_CLIN,561,Advanced Internal Medicine: Ambulatory,01,"",V,ARRGT,ARR ARR,L Sood
MED_CLIN,561,Advanced Internal Medicine: Ambulatory,02,"",V,ARRGT,ARR ARR,L Sood
MED_CLIN,561,Advanced Internal Medicine: Ambulatory,03,"",V,ARRGT,ARR ARR,L Sood
MED_CLIN,562,Advanced Obstetrics and Gynecology: Ambulatory,01,"",V,ARRGT,ARR ARR,H Andersen
MED_CLIN,562,Advanced Obstetrics and Gynecology: Ambulatory,02,"",V,ARRGT,ARR ARR,H Andersen
MED_CLIN,562,Advanced Obstetrics and Gynecology: Ambulatory,03,"",V,ARRGT,ARR ARR,H Andersen
MED_CLIN,563,Advanced Pediatrics: Ambulatory,01,"",V,ARRGT,ARR ARR,C Anderson
MED_CLIN,563,Advanced Pediatrics: Ambulatory,02,"",V,ARRGT,ARR ARR,C Anderson
MED_CLIN,563,Advanced Pediatrics: Ambulatory,03,"",V,ARRGT,ARR ARR,C Anderson
MED_CLIN,564,Psychiatry Subspecialties,01,"",V,ARRGT,ARR ARR,M Layton
MED_CLIN,564,Psychiatry Subspecialties,02,"",V,ARRGT,ARR ARR,M Layton
MED_CLIN,564,Psychiatry Subspecialties,03,"",V,ARRGT,ARR ARR,M Layton
MED_CLIN,565,Advanced Surgery,01,"",V,ARRGT,ARR ARR,A Kumar
MED_CLIN,565,Advanced Surgery,02,"",V,ARRGT,ARR ARR,A Kumar
MED_CLIN,565,Advanced Surgery,03,"",V,ARRGT,ARR ARR,A Kumar
MED_CLIN,566,Advanced Internal Medicine: Inpatient,01,"",V,ARRGT,ARR ARR,L Sood
MED_CLIN,566,Advanced Internal Medicine: Inpatient,02,"",V,ARRGT,ARR ARR,L Sood
MED_CLIN,566,Advanced Internal Medicine: Inpatient,03,"",V,ARRGT,ARR ARR,L Sood
MED_CLIN,567,Advanced Obstetrics and Gynecology,01,"",V,ARRGT,ARR ARR,H Andersen
MED_CLIN,567,Advanced Obstetrics and Gynecology,02,"",V,ARRGT,ARR ARR,H Andersen
MED_CLIN,567,Advanced Obstetrics and Gynecology,03,"",V,ARRGT,ARR ARR,H Andersen
MED_CLIN,568,Pediatric Hospital Medicine,01,"",V,ARRGT,ARR ARR,C Anderson
MED_CLIN,568,Pediatric Hospital Medicine,02,"",V,ARRGT,ARR ARR,C Anderson
MED_CLIN,568,Pediatric Hospital Medicine,03,"",V,ARRGT,ARR ARR,C Anderson
MED_CLIN,570,Away Rotation: North America,01,"",V,ARRGT,ARR ARR,D Dewitt
MED_CLIN,570,Away Rotation: North America,02,"",V,ARRGT,ARR ARR,D Dewitt
MED_CLIN,570,Away Rotation: North America,03,"",V,ARRGT,ARR ARR,D Dewitt
MED_CLIN,571,Away Rotation: International,01,"",V,ARRGT,ARR ARR,D Dewitt
MED_CLIN,571,Away Rotation: International,02,"",V,ARRGT,ARR ARR,D Dewitt
MED_CLIN,571,Away Rotation: International,03,"",V,ARRGT,ARR ARR,D Dewitt
MED_CLIN,572,Addiction Medicine,01,"",V,ARRGT,ARR ARR,M Layton
MED_CLIN,572,Addiction Medicine,02,"",V,ARRGT,ARR ARR,M Layton
MED_CLIN,572,Addiction Medicine,03,"",V,ARRGT,ARR ARR,M Layton
MED_CLIN,573,Anesthesiology,01,"",V,ARRGT,ARR ARR,A Kumar
MED_CLIN,573,Anesthesiology,02,"",V,ARRGT,ARR ARR,A Kumar
MED_CLIN,573,Anesthesiology,03,"",V,ARRGT,ARR ARR,A Kumar
MED_CLIN,574,Clinical Bioethics,01,"",V,ARRGT,ARR ARR,C Heine
MED_CLIN,574,Clinical Bioethics,02,"",V,ARRGT,ARR ARR,C Heine
MED_CLIN,574,Clinical Bioethics,03,"",V,ARRGT,ARR ARR,C Heine
MED_CLIN,575,Geriatrics,01,"",V,ARRGT,ARR ARR,L Sood
MED_CLIN,575,Geriatrics,02,"",V,ARRGT,ARR ARR,L Sood
MED_CLIN,575,Geriatrics,03,"",V,ARRGT,ARR ARR,L Sood
MED_CLIN,576,Medicine Subspecialties,01,"",V,ARRGT,ARR ARR,L Sood
MED_CLIN,576,Medicine Subspecialties,02,"",V,ARRGT,ARR ARR,L Sood
MED_CLIN,576,Medicine Subspecialties,03,"",V,ARRGT,ARR ARR,L Sood
MED_CLIN,577,Subspecialty Surgery,01,"",V,ARRGT,ARR ARR,A Kumar
MED_CLIN,577,Subspecialty Surgery,02,"",V,ARRGT,ARR ARR,A Kumar
MED_CLIN,577,Subspecialty Surgery,03,"",V,ARRGT,ARR ARR,A Kumar
MED_CLIN,578,Advanced General Surgery,01,"",V,ARRGT,ARR ARR,A Kumar
MED_CLIN,578,Advanced General Surgery,02,"",V,ARRGT,ARR ARR,A Kumar
MED_CLIN,578,Advanced General Surgery,03,"",V,ARRGT,ARR ARR,A Kumar
MED_CLIN,579,Medical Informatics,01,"",V,ARRGT,ARR ARR,D Dewitt
MED_CLIN,579,Medical Informatics,02,"",V,ARRGT,ARR ARR,D Dewitt
MED_CLIN,579,Medical Informatics,03,"",V,ARRGT,ARR ARR,D Dewitt
MED_CLIN,580,Neurology,01,"",V,ARRGT,ARR ARR,M Layton
MED_CLIN,580,Neurology,02,"",V,ARRGT,ARR ARR,M Layton
MED_CLIN,580,Neurology,03,"",V,ARRGT,ARR ARR,M Layton
MED_CLIN,581,Obstetrics and Gynecology Subspecialties,01,"",V,ARRGT,ARR ARR,H Andersen
MED_CLIN,581,Obstetrics and Gynecology Subspecialties,02,"",V,ARRGT,ARR ARR,H Andersen
MED_CLIN,581,Obstetrics and Gynecology Subspecialties,03,"",V,ARRGT,ARR ARR,H Andersen
MED_CLIN,584,Ophthalmology,01,"",V,ARRGT,ARR ARR,C Heine
MED_CLIN,584,Ophthalmology,02,"",V,ARRGT,ARR ARR,C Heine
MED_CLIN,584,Ophthalmology,03,"",V,ARRGT,ARR ARR,C Heine
MED_CLIN,585,Hospice and Palliative Medicine,01,"",V,ARRGT,ARR ARR,J Haney
MED_CLIN,585,Hospice and Palliative Medicine,02,"",V,ARRGT,ARR ARR,J Haney
MED_CLIN,585,Hospice and Palliative Medicine,03,"",V,ARRGT,ARR ARR,J Haney
MED_CLIN,587,Public Health,01,"",V,ARRGT,ARR ARR,J Haney
MED_CLIN,587,Public Health,02,"",V,ARRGT,ARR ARR,J Haney
MED_CLIN,587,Public Health,03,"",V,ARRGT,ARR ARR,J Haney
MED_CLIN,588,Radiation Oncology,01,"",V,ARRGT,ARR ARR,L Sood
MED_CLIN,588,Radiation Oncology,02,"",V,ARRGT,ARR ARR,L Sood
MED_CLIN,588,Radiation Oncology,03,"",V,ARRGT,ARR ARR,L Sood
MED_CLIN,589,Transition to Residency,01,"",V,ARRGT,ARR ARR,D Dewitt
MED_CLIN,589,Transition to Residency,02,"",V,ARRGT,ARR ARR,D Dewitt
MED_CLIN,589,Transition to Residency,03,"",V,ARRGT,ARR ARR,D Dewitt
MED_CLIN,590,Medical Education,01,"",V,ARRGT,ARR ARR,D Dewitt
MED_CLIN,590,Medical Education,02,"",V,ARRGT,ARR ARR,D Dewitt
MED_CLIN,590,Medical Education,03,"",V,ARRGT,ARR ARR,D Dewitt
MED_CLIN,599,Special Projects,01,"",V,ARRGT,ARR ARR,D Dewitt
MED_CLIN,599,Special Projects,02,"",V,ARRGT,ARR ARR,D Dewitt
MED_CLIN,599,Special Projects,03,"",V,ARRGT,ARR ARR,D Dewitt
MED_ETH,530,The Practice of Clinical Ethics,01,16062,3,ARRGT,ARR ARR,T May
MED_ETH,530,The Practice of Clinical Ethics,02,"",3,ARRGT,ARR ARR,T May
MED_ETH,540,"Seminar in Clinical Ethics: Methods, Process, Skills & Traits",01,16082,3,ARRGT,ARR ARR,T May
MED_ETH,540,"Seminar in Clinical Ethics: Methods, Process, Skills & Traits",02,"",3,ARRGT,ARR ARR,T May
MED_FMS,503,Foundations of Medical Science III,01,13482,12,ARRGT,ARR ARR,K Beine
MED_FMS,503,Foundations of Medical Science III,01 Lab,13483,0,ARRGT,ARR ARR,K Beine
MED_FMS,513,Foundations of Medical Science VI,01,13432,11,ARRGT,ARR ARR,K Beine
MED_FMS,513,Foundations of Medical Science VI,01 Lab,13433,0,ARRGT,ARR ARR,K Beine
MED_LMH,503,"Physicians as Leaders, Scientists, and Advocates",01,13481,1,ARRGT,ARR ARR,""
MED_LMH,513,Information Management in Healthcare: Clinical Information Systems,01,13434,1,ARRGT,ARR ARR,J Haney
MED_LMH,523,Value-based Care,01,14006,1,ARRGT,ARR ARR,J Haney
MED_LMH,533,Personal Leadership Development III,01,14715,1,ARRGT,ARR ARR,J Haney
MIT,505,Classroom Management Seminar,01,13480,3,M16.10-19,VC ARR,A Segadelli
MIT,575,Internship and Seminar,01,13501,10,ARRGT,ARR ARR,A Segadelli
MIT,575,Internship and Seminar,01 Lab,13506,0,ARRGT,ARR ARR,""
NEP,200,[SSCI] Place and Health,01,13983,3,"TU,TH16.15-17.30",ARR ARR,O Amram
NEP,402,Vitamin and Mineral Metabolism,01,13108,3,"M,TU,W8.10-9",ARR ARR,J Larsen
NEP,427,[M] Nutritional Assessment and Lifestyle Counseling,01,13110,3,TU9.10-11,ARR ARR,J Larsen
NEP,427,[M] Nutritional Assessment and Lifestyle Counseling,01 Lab,13112,0,TU12-14.30,SHER 334,J Larsen
NEP,427,[M] Nutritional Assessment and Lifestyle Counseling,02 Lab,13113,0,TU15-17.30,SHER 334,J Larsen
NEP,435,"Exercise, Diet and Disease",01,13109,4,"M,W9.10-10.50",ARR ARR,J Larsen
NEP,450,Management and Facilities,01,13137,3,"TU,TH11.10-12.25",ARR ARR,J Beary
NEP,476,Exercise Testing and Prescription,01,13111,3,W11.10-13,SAC 347,L Miller
NEP,476,Exercise Testing and Prescription,01 Lab,13114,0,TH9.10-10.50,SHER 301,L Miller
NEP,476,Exercise Testing and Prescription,02 Lab,13115,0,TH11.10-12.50,SHER 301,L Miller
NEP,476,Exercise Testing and Prescription,03 Lab,15001,0,TH13.10-14.50,SHER 301,L Miller
NEP,480,Cardiopulmonary Rehabilitation,01,13116,4,"TU,TH9.10-10.25",ARR ARR,H Haverkamp
NEP,480,Cardiopulmonary Rehabilitation,01 Lab,13127,0,F9.10-12,SHER 301,H Haverkamp
NEP,481,Principles of Population Health,01,14979,3,"TU,TH13.10-14.25",ARR ARR,""
NEP,482,Nutrition and Exercise Practicum II,01,13106,2,"M,W11.30-14.30",SHER 328,J Larsen
NEP,482,Nutrition and Exercise Practicum II,02,14978,2,"M,W15.30-18.30",SHER 328,J Larsen
NEP,490,Exercise and Nutrition Internship,01,13107,V,ARRGT,ARR ARR,J Larsen
NEP,495,[CAPS] [M] Interprofessional Capstone in Nutrition and Exercise Physiology,01,13105,3,"M,W9.10-10.25",SAC 347,L Miller
NEP,499,Special Problems,01,13101,V,"TU,TH14.50-16.05",WEB ARR,F Carbonero
NEP,499,Special Problems,02,"",V,ARRGT,ARR ARR,H Haverkamp
NEP,499,Special Problems,03,"",V,ARRGT,ARR ARR,M Perrigue
NEP,499,Special Problems,04,"",V,ARRGT,ARR ARR,L Miller
NEP,499,Special Problems,05,"",V,ARRGT,ARR ARR,J Larsen
NEP,501,Community Supervised Practice,01,13117,5,"M,TU14.10-16",WEB ARR,A Davis
NEP,501,Community Supervised Practice,"","","",F14.10-18,ARR ARR,""
NEP,501,Community Supervised Practice,"","","",F13.10-14,ARR ARR,""
NEP,501,Community Supervised Practice,"","","",F13.10-14,ARR ARR,""
NEP,501,Community Supervised Practice,"","","",F13.10-14,ARR ARR,""
NEP,501,Community Supervised Practice,01 Lab,13132,0,ARRGT,ARR ARR,A Davis
NEP,505,Graduate Seminar,01,13135,1,F12.10-13,ARR ARR,P Solverson
NEP,525,Advanced Human Nutrition,01,13981,3,"M,W11.10-12.25",WEB ARR,M Perrigue
NEP,526,Nutritional Epidemiology,01,13982,3,"M,W9.10-10.25",WEB ARR,P Monsivais
NEP,540,Clinical Supervised Practice,01,13122,11,"M,TU9.10-15",ARR ARR,A Davis
NEP,540,Clinical Supervised Practice,"","","",W9.10-14,ARR ARR,""
NEP,540,Clinical Supervised Practice,02,13123,11,"M,TU9.10-15",ARR ARR,S Niehuser
NEP,540,Clinical Supervised Practice,"","","",W9.10-14,ARR ARR,""
NEP,540,Clinical Supervised Practice,01 Lab,13129,0,ARRGT,ARR ARR,A Davis
NEP,540,Clinical Supervised Practice,02 Lab,13130,0,ARRGT,ARR ARR,S Niehuser
NEP,542,Medical Nutrition Therapy II,01,13120,3,F9.10-11.40,WEB ARR,S Niehuser
NEP,551,Management Practices in Food Service,01,13125,5,"W,TH13.10-16",WEB ARR,J Beary
NEP,551,Management Practices in Food Service,"","","",F13.10-14.25,ARR ARR,""
NEP,551,Management Practices in Food Service,"","","",F13.10-14.25,ARR ARR,""
NEP,551,Management Practices in Food Service,"","","",F13.10-14.25,ARR ARR,""
NEP,551,Management Practices in Food Service,01 Lab,13133,0,ARRGT,ARR ARR,J Beary
NEP,560,Geographic Information Systems in Health and Social Sciences,01,13984,3,M13.10-15.40,WEB ARR,O Amram
NEP,600,Special Projects or Independent Study,01,13104,V,ARRGT,ARR ARR,G Duncan
NEP,600,Special Projects or Independent Study,02,14982,V,ARRGT,ARR ARR,P Monsivais
NEP,600,Special Projects or Independent Study,03,14983,V,ARRGT,ARR ARR,H Haverkamp
NEP,600,Special Projects or Independent Study,04,14984,V,ARRGT,ARR ARR,F Carbonero
NEP,600,Special Projects or Independent Study,05,14980,V,ARRGT,ARR ARR,M Perrigue
NEP,600,Special Projects or Independent Study,06,14981,V,ARRGT,ARR ARR,L Miller
NEP,600,Special Projects or Independent Study,07,16566,V,ARRGT,ARR ARR,O Amram
NEP,700,"Master's Research, Thesis, and/or Examination",01,14088,V,ARRGT,ARR ARR,G Duncan
NEP,700,"Master's Research, Thesis, and/or Examination",02,14985,V,ARRGT,ARR ARR,P Monsivais
NEP,700,"Master's Research, Thesis, and/or Examination",03,14986,V,ARRGT,ARR ARR,H Haverkamp
NEP,700,"Master's Research, Thesis, and/or Examination",04,14987,V,ARRGT,ARR ARR,F Carbonero
NEP,700,"Master's Research, Thesis, and/or Examination",05,14988,V,ARRGT,ARR ARR,M Perrigue
NEP,700,"Master's Research, Thesis, and/or Examination",06,14989,V,ARRGT,ARR ARR,L Miller
NEP,701,Master's Independent Capstone Project and /or Examination,01,13980,V,ARRGT,ARR ARR,J Beary
NEP,800,"Doctoral Research, Dissertation, and/or Examination",01,13102,V,ARRGT,ARR ARR,G Duncan
NEP,800,"Doctoral Research, Dissertation, and/or Examination",02,14990,V,ARRGT,ARR ARR,P Monsivais
NEP,800,"Doctoral Research, Dissertation, and/or Examination",03,14991,V,ARRGT,ARR ARR,H Haverkamp
NEP,800,"Doctoral Research, Dissertation, and/or Examination",04,14992,V,ARRGT,ARR ARR,F Carbonero
NEP,800,"Doctoral Research, Dissertation, and/or Examination",05,14993,V,ARRGT,ARR ARR,M Perrigue
NEP,800,"Doctoral Research, Dissertation, and/or Examination",06,14994,V,ARRGT,ARR ARR,L Miller
NEUROSCI,541,Special Topics in Cellular and Molecular Neuroscience,01,13470,V,"M,W10.10-11.10",WEB ARR,J Harding
NEUROSCI,541,Special Topics in Cellular and Molecular Neuroscience,"","","",F10.10-12,WEB ARR,""
NEUROSCI,541,Special Topics in Cellular and Molecular Neuroscience,02,13471,V,"M,F9.10-10",WEB ARR,G Wayman
NEUROSCI,541,Special Topics in Cellular and Molecular Neuroscience,"","","",W8.10-10,WEB ARR,""
NEUROSCI,541,Special Topics in Cellular and Molecular Neuroscience,03,13514,V,"M,F9.10-10",WEB ARR,J Peters
NEUROSCI,541,Special Topics in Cellular and Molecular Neuroscience,"","","",W8.10-10,WEB ARR,""
NEUROSCI,543,Special Topics in Behavioral/Clinical Neuroscience,01,13469,V,"M,F9-10",WEB ARR,R Fuchs Lokensgard
NEUROSCI,543,Special Topics in Behavioral/Clinical Neuroscience,"","","",W8.30-10,WEB ARR,""
NEUROSCI,543,Special Topics in Behavioral/Clinical Neuroscience,02,13465,V,"M,W10.10-11",WEB ARR,R Mclaughlin
NEUROSCI,543,Special Topics in Behavioral/Clinical Neuroscience,"","","",F10.10-12,WEB ARR,""
NEUROSCI,543,Special Topics in Behavioral/Clinical Neuroscience,03,13515,V,"M,W10.10-11",WEB ARR,H Jansen
NEUROSCI,543,Special Topics in Behavioral/Clinical Neuroscience,"","","",F10.10-12,WEB ARR,""
NEUROSCI,564,Topics in Biomedical Experimentation,01,13516,V,"TU,TH13.30-14.45",WEB ARR,S Simasko
NEUROSCI,564,Topics in Biomedical Experimentation,05,13518,V,"TU,TH10.35-11.50",WEB ARR,M Kahn
NEUROSCI,564,Topics in Biomedical Experimentation,09,13517,V,"TU,TH9.10-10.25",WEB ARR,""
NEUROSCI,564,Topics in Biomedical Experimentation,10,13520,V,"TU,TH15.30-16.45",WEB ARR,B Slinker
NEUROSCI,590,Seminar,01,13519,1,F12.10-13.30,WEB ARR,S Wayman
NEUROSCI,800,"Doctoral Research, Dissertation, and/or Examination",01,13464,V,ARRGT,ARR ARR,(multiple)
NURS,308,Professional Development I: Evidence Based Practice,01,13309,3,W10.30-13.30,VC ARR,J Dotson
NURS,308,Professional Development I: Evidence Based Practice,02,13310,3,W10.30-13.30,VC ARR,J Dotson
NURS,309,[M] Professional Development II: Ethical Reasoning and Decision Making Processes in Nursing,01,13311,3,TH13.10-16,VC ARR,K Anders
NURS,309,[M] Professional Development II: Ethical Reasoning and Decision Making Processes in Nursing,02,13312,3,TH13.10-16,VC ARR,K Anders
NURS,311,Pathophysiology and Pharmacology in Nursing,01,13313,4,W8.10-10,VC ARR,V Sattler
NURS,311,Pathophysiology and Pharmacology in Nursing,"","","",F11.10-13,VC ARR,""
NURS,311,Pathophysiology and Pharmacology in Nursing,02,13314,4,W8.10-10,VC ARR,V Sattler
NURS,311,Pathophysiology and Pharmacology in Nursing,"","","",F11.10-13,VC ARR,""
NURS,315,Nursing Practice: Health and Illness,01,13286,4,ARRGT,ARR ARR,R Carroll
NURS,315,Nursing Practice: Health and Illness,02,13287,4,ARRGT,ARR ARR,M Wiedmer
NURS,315,Nursing Practice: Health and Illness,03,13288,4,ARRGT,ARR ARR,L Parisot
NURS,315,Nursing Practice: Health and Illness,04,13289,4,ARRGT,ARR ARR,A Jenkins
NURS,315,Nursing Practice: Health and Illness,05,13290,4,ARRGT,ARR ARR,M Weyrauch
NURS,315,Nursing Practice: Health and Illness,06,13291,4,ARRGT,ARR ARR,B Jennings
NURS,315,Nursing Practice: Health and Illness,07,13292,4,ARRGT,ARR ARR,S Mcfadden
NURS,315,Nursing Practice: Health and Illness,08,13293,4,ARRGT,ARR ARR,D Beck
NURS,315,Nursing Practice: Health and Illness,09,13294,4,ARRGT,ARR ARR,A Saba
NURS,315,Nursing Practice: Health and Illness,10,13295,4,ARRGT,ARR ARR,S Hurst
NURS,315,Nursing Practice: Health and Illness,11,13296,4,ARRGT,ARR ARR,C Tadesse
NURS,315,Nursing Practice: Health and Illness,12,13297,4,ARRGT,ARR ARR,A Morse
NURS,315,Nursing Practice: Health and Illness,13,13298,4,ARRGT,ARR ARR,W Staff
NURS,315,Nursing Practice: Health and Illness,14,13299,4,ARRGT,ARR ARR,W Staff
NURS,316,Introduction to Nursing Practice in Health and Illness: Theory,01,13180,2,TU13.10-15,VC ARR,K Olson
NURS,316,Introduction to Nursing Practice in Health and Illness: Theory,02,13181,2,TU13.10-15,VC ARR,K Olson
NURS,317,Health Assessment,01,13182,3,TU10.30-12.30,VC ARR,A Jenkins
NURS,317,Health Assessment,02,13183,3,TU10.30-12.30,VC ARR,R Faubion
NURS,317,Health Assessment,01 Lab,13184,0,ARRGT,ARR ARR,M Wiedmer
NURS,317,Health Assessment,02 Lab,13185,0,ARRGT,ARR ARR,T Barenz
NURS,317,Health Assessment,03 Lab,13186,0,ARRGT,ARR ARR,S Matar-Curnow
NURS,317,Health Assessment,04 Lab,13187,0,ARRGT,ARR ARR,L Parisot
NURS,317,Health Assessment,05 Lab,13188,0,ARRGT,ARR ARR,C Tadesse
NURS,317,Health Assessment,06 Lab,13189,0,ARRGT,ARR ARR,M Wiedmer
NURS,317,Health Assessment,07 Lab,13190,0,ARRGT,ARR ARR,M Vulcan
NURS,317,Health Assessment,08 Lab,13191,0,ARRGT,ARR ARR,M Weyrauch
NURS,317,Health Assessment,09 Lab,13192,0,ARRGT,ARR ARR,S Matar-Curnow
NURS,317,Health Assessment,10 Lab,13193,0,ARRGT,ARR ARR,M Vulcan
NURS,317,Health Assessment,11 Lab,13194,0,ARRGT,ARR ARR,T Barenz
NURS,317,Health Assessment,12 Lab,13195,0,ARRGT,ARR ARR,A Morse
NURS,317,Health Assessment,13 Lab,13196,0,ARRGT,ARR ARR,A Fulton
NURS,317,Health Assessment,14 Lab,13197,0,ARRGT,ARR ARR,R Faubion
NURS,322,The Human Experience of Diversity and Health,01,13198,2,F8.10-10,VC ARR,L Parisot
NURS,322,The Human Experience of Diversity and Health,02,13199,2,F8.10-10,VC ARR,L Parisot
NURS,323,Nursing in the Genome Era,01,13206,2,M8.10-10,VC ARR,L Jinishian
NURS,323,Nursing in the Genome Era,02,13207,2,M8.10-10,VC ARR,L Jinishian
NURS,324,Nursing Concepts in Acute and Chronic Illness in the Adult,01,13200,4,M10.30-12.30,VC ARR,W Williams-Gilbert
NURS,324,Nursing Concepts in Acute and Chronic Illness in the Adult,"","","",F10.30-12.30,VC ARR,""
NURS,324,Nursing Concepts in Acute and Chronic Illness in the Adult,02,13201,4,M10.30-12.30,VC ARR,W Williams-Gilbert
NURS,324,Nursing Concepts in Acute and Chronic Illness in the Adult,"","","",F10.30-12.30,VC ARR,""
NURS,325,Nursing Practice in Acute and Chronic Illness in Adults,01,13234,5,ARRGT,ARR ARR,L Kifer
NURS,325,Nursing Practice in Acute and Chronic Illness in Adults,02,13235,5,ARRGT,ARR ARR,T Barenz
NURS,325,Nursing Practice in Acute and Chronic Illness in Adults,03,13236,5,ARRGT,ARR ARR,S Knapp
NURS,325,Nursing Practice in Acute and Chronic Illness in Adults,04,13237,5,ARRGT,ARR ARR,A Brekke
NURS,325,Nursing Practice in Acute and Chronic Illness in Adults,05,13238,5,ARRGT,ARR ARR,M Holloway
NURS,325,Nursing Practice in Acute and Chronic Illness in Adults,06,13239,5,ARRGT,ARR ARR,J Carpenter
NURS,325,Nursing Practice in Acute and Chronic Illness in Adults,07,13240,5,ARRGT,ARR ARR,K Wallace
NURS,325,Nursing Practice in Acute and Chronic Illness in Adults,08,13241,5,ARRGT,ARR ARR,N Johnson
NURS,325,Nursing Practice in Acute and Chronic Illness in Adults,09,13242,5,ARRGT,ARR ARR,R Baumgarten
NURS,325,Nursing Practice in Acute and Chronic Illness in Adults,10,13243,5,ARRGT,ARR ARR,V Albert
NURS,325,Nursing Practice in Acute and Chronic Illness in Adults,11,13244,5,ARRGT,ARR ARR,R Carroll
NURS,325,Nursing Practice in Acute and Chronic Illness in Adults,12,13245,5,ARRGT,ARR ARR,D Ryerson
NURS,325,Nursing Practice in Acute and Chronic Illness in Adults,13,13246,5,ARRGT,ARR ARR,E Davies
NURS,325,Nursing Practice in Acute and Chronic Illness in Adults,14,13247,5,ARRGT,ARR ARR,K Campbell
NURS,328,Introduction to Gerontological Nursing,01,13202,2,TU8.10-10,VC ARR,S Mcfadden
NURS,328,Introduction to Gerontological Nursing,02,13203,2,TU8.10-10,VC ARR,S Mcfadden
NURS,360,Professional Nursing Concepts and Issues,01,13315,2,ARRGT,ARR ARR,A Brittain
NURS,360,Professional Nursing Concepts and Issues,02,13392,2,ARRGT,ARR ARR,A Brittain
NURS,366,Nursing Concepts: Assessment and Application of Physiological Concepts to Nursing Practice II,01,13204,2,ARRGT,ARR ARR,S Hurst
NURS,366,Nursing Concepts: Assessment and Application of Physiological Concepts to Nursing Practice II,02,13205,2,ARRGT,ARR ARR,S Hurst
NURS,400,[M] Nursing Research and Evidence-Based Practice,01,13233,3,ARRGT,ARR ARR,C Richards
NURS,400,[M] Nursing Research and Evidence-Based Practice,02,13391,3,ARRGT,ARR ARR,C Richards
NURS,406,Nursing Management of the Healthcare Environment,01,13208,3,ARRGT,ARR ARR,C Van Son
NURS,406,Nursing Management of the Healthcare Environment,02,13209,3,ARRGT,ARR ARR,C Van Son
NURS,408,Professional Development III: Leadership and Management,01,13248,3,TH9.10-12,VC ARR,S Perkins
NURS,408,Professional Development III: Leadership and Management,02,13249,3,TH9.10-12,VC ARR,S Perkins
NURS,409,Professional Development IV: Transition to Practice,01,13210,2,M13.10-16,VC ARR,D Brinker
NURS,409,Professional Development IV: Transition to Practice,02,13211,2,M13.10-16,VC ARR,D Brinker
NURS,412,Family and Community as a Context of Care,01,13250,1,F11.30-13,WEB ARR,S Perkins
NURS,412,Family and Community as a Context of Care,02,13251,1,F11.30-13,WEB ARR,T Bowden
NURS,412,Family and Community as a Context of Care,03,13252,1,F11.30-13,WEB ARR,C Brigham-Althoff
NURS,412,Family and Community as a Context of Care,04,13253,1,F11.30-13,WEB ARR,C Brumley
NURS,412,Family and Community as a Context of Care,05,13254,1,F11.30-13,WEB ARR,L Vickers
NURS,414,Child and Family Health: Theory,01,13212,3,F8.10-11,VC ARR,S Perkins
NURS,414,Child and Family Health: Theory,02,13213,3,F8.10-11,VC ARR,S Perkins
NURS,415,Children and Families as the Focus of Nursing Care,01,13255,2,ARRGT,ARR ARR,L Berry
NURS,415,Children and Families as the Focus of Nursing Care,02,13256,2,ARRGT,ARR ARR,K Munro
NURS,415,Children and Families as the Focus of Nursing Care,03,13257,2,ARRGT,ARR ARR,C Brumley
NURS,415,Children and Families as the Focus of Nursing Care,04,13258,2,ARRGT,ARR ARR,K Anders
NURS,415,Children and Families as the Focus of Nursing Care,05,13259,2,ARRGT,ARR ARR,C Risse
NURS,415,Children and Families as the Focus of Nursing Care,06,13260,2,ARRGT,ARR ARR,J Hickman
NURS,415,Children and Families as the Focus of Nursing Care,07,13261,2,ARRGT,ARR ARR,C Brumley
NURS,415,Children and Families as the Focus of Nursing Care,08,13262,2,ARRGT,ARR ARR,D Beck
NURS,415,Children and Families as the Focus of Nursing Care,09,13263,2,ARRGT,ARR ARR,T Bowden
NURS,415,Children and Families as the Focus of Nursing Care,10,13264,2,ARRGT,ARR ARR,T Bowden
NURS,415,Children and Families as the Focus of Nursing Care,11,13347,2,ARRGT,ARR ARR,D Scala
NURS,415,Children and Families as the Focus of Nursing Care,12,13425,2,ARRGT,ARR ARR,D Ryerson
NURS,415,Children and Families as the Focus of Nursing Care,13,14085,2,ARRGT,ARR ARR,D Scala
NURS,416,Childbearing Health of the Family,01,13214,3,TH13.10-16,VC ARR,K Mitchell
NURS,416,Childbearing Health of the Family,02,13215,3,TH13.10-16,VC ARR,K Mitchell
NURS,417,Nursing Care of Childbearing Families,01,13276,2,ARRGT,ARR ARR,T Stack
NURS,417,Nursing Care of Childbearing Families,02,13277,2,ARRGT,ARR ARR,T Stack
NURS,417,Nursing Care of Childbearing Families,03,13278,2,ARRGT,ARR ARR,C Brigham-Althoff
NURS,417,Nursing Care of Childbearing Families,04,13279,2,ARRGT,ARR ARR,P Orebaugh
NURS,417,Nursing Care of Childbearing Families,05,13280,2,ARRGT,ARR ARR,E Merritt
NURS,417,Nursing Care of Childbearing Families,06,13281,2,ARRGT,ARR ARR,""
NURS,417,Nursing Care of Childbearing Families,07,13282,2,ARRGT,ARR ARR,J Boyer
NURS,417,Nursing Care of Childbearing Families,08,13283,2,ARRGT,ARR ARR,K Mitchell
NURS,417,Nursing Care of Childbearing Families,09,13284,2,ARRGT,ARR ARR,C Brigham-Althoff
NURS,417,Nursing Care of Childbearing Families,10,13285,2,ARRGT,ARR ARR,P Orebaugh
NURS,417,Nursing Care of Childbearing Families,11,13346,2,ARRGT,ARR ARR,C Logsdon Douglas
NURS,417,Nursing Care of Childbearing Families,12,13426,2,ARRGT,ARR ARR,C Logsdon Douglas
NURS,417,Nursing Care of Childbearing Families,13,14086,2,ARRGT,ARR ARR,A Morse
NURS,424,Psychiatric/Mental Health Nursing Concepts,01,13216,3,M8.10-10,VC ARR,K Tietjen
NURS,424,Psychiatric/Mental Health Nursing Concepts,"","","",TH10.10-12,VC ARR,""
NURS,424,Psychiatric/Mental Health Nursing Concepts,02,13217,3,M8.10-10,VC ARR,K Tietjen
NURS,424,Psychiatric/Mental Health Nursing Concepts,"","","",TH10.10-12,VC ARR,""
NURS,425,Nursing Practice: Psychiatric/Mental Health,01,13265,2,ARRGT,ARR ARR,T Ewing
NURS,425,Nursing Practice: Psychiatric/Mental Health,02,13266,2,ARRGT,ARR ARR,K West
NURS,425,Nursing Practice: Psychiatric/Mental Health,03,13267,2,ARRGT,ARR ARR,H Striker
NURS,425,Nursing Practice: Psychiatric/Mental Health,04,13268,2,ARRGT,ARR ARR,H Striker
NURS,425,Nursing Practice: Psychiatric/Mental Health,05,13269,2,ARRGT,ARR ARR,M Wiedmer
NURS,425,Nursing Practice: Psychiatric/Mental Health,06,13270,2,ARRGT,ARR ARR,B Verbil
NURS,425,Nursing Practice: Psychiatric/Mental Health,07,13271,2,ARRGT,ARR ARR,K Mitchell
NURS,425,Nursing Practice: Psychiatric/Mental Health,08,13272,2,ARRGT,ARR ARR,B Verbil
NURS,425,Nursing Practice: Psychiatric/Mental Health,09,13273,2,ARRGT,ARR ARR,J Oswald
NURS,425,Nursing Practice: Psychiatric/Mental Health,10,13274,2,ARRGT,ARR ARR,B Beebe
NURS,425,Nursing Practice: Psychiatric/Mental Health,11,13275,2,ARRGT,ARR ARR,B Beebe
NURS,425,Nursing Practice: Psychiatric/Mental Health,12,13357,2,ARRGT,ARR ARR,B Beebe
NURS,426,[M] Community Health Nursing Theory,01,13218,2,M10.10-12,VC ARR,P Eide
NURS,426,[M] Community Health Nursing Theory,"","","",TH9.10-10,VC ARR,""
NURS,426,[M] Community Health Nursing Theory,02,13219,2,M10.10-12,VC ARR,P Eide
NURS,426,[M] Community Health Nursing Theory,"","","",TH9.10-10,VC ARR,""
NURS,427,Community Health Nursing Practice,01,13222,3,ARRGT,ARR ARR,H Gubitz
NURS,427,Community Health Nursing Practice,02,13223,3,ARRGT,ARR ARR,S Griffith
NURS,427,Community Health Nursing Practice,03,13224,3,ARRGT,ARR ARR,S Breckon
NURS,427,Community Health Nursing Practice,04,13225,3,ARRGT,ARR ARR,M Fitzpatrick
NURS,427,Community Health Nursing Practice,05,13226,3,ARRGT,ARR ARR,T Ewing
NURS,427,Community Health Nursing Practice,06,13227,3,ARRGT,ARR ARR,K Olson
NURS,427,Community Health Nursing Practice,07,13228,3,ARRGT,ARR ARR,C Brigham-Althoff
NURS,427,Community Health Nursing Practice,08,13229,3,ARRGT,ARR ARR,K Olson
NURS,427,Community Health Nursing Practice,09,13230,3,ARRGT,ARR ARR,J Hunter
NURS,427,Community Health Nursing Practice,10,13231,3,ARRGT,ARR ARR,L Vickers
NURS,427,Community Health Nursing Practice,11,13232,3,ARRGT,ARR ARR,A Fulton
NURS,427,Community Health Nursing Practice,12,13358,3,ARRGT,ARR ARR,A Fulton
NURS,430,[CAPS] Senior Practicum,01,13220,3,ARRGT,ARR ARR,S Rossetti
NURS,430,[CAPS] Senior Practicum,02,13221,3,ARRGT,ARR ARR,R Faubion
NURS,440,[M] Population Health Theory,01,13338,3,ARRGT,ARR ARR,S Edwards
NURS,440,[M] Population Health Theory,02,13339,3,ARRGT,ARR ARR,S Edwards
NURS,455,Cultural Safety and Social Justice in Global Society,01,13414,3,ARRGT,ARR ARR,C Van Son
NURS,455,Cultural Safety and Social Justice in Global Society,02,13415,3,ARRGT,ARR ARR,C Van Son
NURS,462,Selected Nursing Concepts: Psychiatric/Mental Health,01,13336,2,ARRGT,ARR ARR,S Edwards
NURS,462,Selected Nursing Concepts: Psychiatric/Mental Health,02,13337,2,ARRGT,ARR ARR,S Edwards
NURS,465,Application of Population Health Principles,01,13316,3,ARRGT,ARR ARR,P Eide
NURS,465,Application of Population Health Principles,02,13335,3,ARRGT,ARR ARR,P Eide
NURS,477,Health Care Ethics,01,13387,V,ARRGT,ARR ARR,S Edwards
NURS,477,Health Care Ethics,02,13388,V,ARRGT,ARR ARR,S Edwards
NURS,495,[CAPS] Advanced Practicum,01,13332,3,ARRGT,ARR ARR,S Edwards
NURS,495,[CAPS] Advanced Practicum,02,13340,3,ARRGT,ARR ARR,S Edwards
NURS,499,Special Problems,01,"",V,ARRGT,ARR ARR,(multiple)
NURS,499,Special Problems,02,"",V,ARRGT,ARR ARR,(multiple)
NURS,499,Special Problems,03,13331,V,ARRGT,ARR ARR,V Denson
NURS,501,"Psychiatric Assessment, Diagnosis, and Management of Children and Adolescents",01,13359,3,W9.10-12,VC ARR,K Tietjen
NURS,501,"Psychiatric Assessment, Diagnosis, and Management of Children and Adolescents","","","",W9.10-12,VC ARR,""
NURS,501,"Psychiatric Assessment, Diagnosis, and Management of Children and Adolescents","","","",W9.10-12,VC ARR,""
NURS,501,"Psychiatric Assessment, Diagnosis, and Management of Children and Adolescents","","","",W9.10-12,VC ARR,""
NURS,501,"Psychiatric Assessment, Diagnosis, and Management of Children and Adolescents","","","",W9.10-12,VC ARR,""
NURS,501,"Psychiatric Assessment, Diagnosis, and Management of Children and Adolescents",02,13410,3,W9.10-12,VC ARR,K Tietjen
NURS,501,"Psychiatric Assessment, Diagnosis, and Management of Children and Adolescents","","","",W9.10-12,VC ARR,""
NURS,501,"Psychiatric Assessment, Diagnosis, and Management of Children and Adolescents","","","",W9.10-12,VC ARR,""
NURS,501,"Psychiatric Assessment, Diagnosis, and Management of Children and Adolescents","","","",W9.10-12,VC ARR,""
NURS,501,"Psychiatric Assessment, Diagnosis, and Management of Children and Adolescents","","","",W9.10-12,VC ARR,""
NURS,505,Analytical Foundations for Practice Inquiry,01,13369,3,TU8.10-11,VC ARR,D Smart
NURS,505,Analytical Foundations for Practice Inquiry,"","","",TU8.10-11,VC ARR,""
NURS,505,Analytical Foundations for Practice Inquiry,"","","",TU8.10-11,VC ARR,""
NURS,505,Analytical Foundations for Practice Inquiry,"","","",TU8.10-11,VC ARR,""
NURS,505,Analytical Foundations for Practice Inquiry,"","","",TU8.10-11,VC ARR,""
NURS,505,Analytical Foundations for Practice Inquiry,02,13370,3,TU8.10-11,VC ARR,D Smart
NURS,505,Analytical Foundations for Practice Inquiry,"","","",TU8.10-11,VC ARR,""
NURS,505,Analytical Foundations for Practice Inquiry,"","","",TU8.10-11,VC ARR,""
NURS,505,Analytical Foundations for Practice Inquiry,"","","",TU8.10-11,VC ARR,""
NURS,505,Analytical Foundations for Practice Inquiry,"","","",TU8.10-11,VC ARR,""
NURS,513,"Primary Care I: Health Promotion, Disease Prevention, and Disease Detection Across the Lifespan",01,13360,3,W8.10-11,VC ARR,S Fincham
NURS,513,"Primary Care I: Health Promotion, Disease Prevention, and Disease Detection Across the Lifespan","","","",W8.10-11,VC ARR,""
NURS,513,"Primary Care I: Health Promotion, Disease Prevention, and Disease Detection Across the Lifespan","","","",W8.10-11,VC ARR,""
NURS,513,"Primary Care I: Health Promotion, Disease Prevention, and Disease Detection Across the Lifespan","","","",W8.10-11,VC ARR,""
NURS,513,"Primary Care I: Health Promotion, Disease Prevention, and Disease Detection Across the Lifespan","","","",ARRGT,VC ARR,""
NURS,513,"Primary Care I: Health Promotion, Disease Prevention, and Disease Detection Across the Lifespan",02,13362,3,W8.10-11,VC ARR,S Fincham
NURS,513,"Primary Care I: Health Promotion, Disease Prevention, and Disease Detection Across the Lifespan","","","",W8.10-11,VC ARR,""
NURS,513,"Primary Care I: Health Promotion, Disease Prevention, and Disease Detection Across the Lifespan","","","",W8.10-11,VC ARR,""
NURS,513,"Primary Care I: Health Promotion, Disease Prevention, and Disease Detection Across the Lifespan","","","",W8.10-11,VC ARR,""
NURS,513,"Primary Care I: Health Promotion, Disease Prevention, and Disease Detection Across the Lifespan","","","",W8.10-11,VC ARR,""
NURS,514,Primary Care Practicum 1,01,13361,2,W11.10-13,VC ARR,D Eti
NURS,514,Primary Care Practicum 1,"","","",W11.10-13,VC ARR,""
NURS,514,Primary Care Practicum 1,"","","",W11.10-13,VC ARR,""
NURS,514,Primary Care Practicum 1,"","","",W11.10-13,VC ARR,""
NURS,514,Primary Care Practicum 1,"","","",W11.10-13,VC ARR,""
NURS,514,Primary Care Practicum 1,02,13363,2,W11.10-13,VC ARR,D Eti
NURS,514,Primary Care Practicum 1,"","","",W11.10-13,VC ARR,""
NURS,514,Primary Care Practicum 1,"","","",W11.10-13,VC ARR,""
NURS,514,Primary Care Practicum 1,"","","",W11.10-13,VC ARR,""
NURS,514,Primary Care Practicum 1,"","","",W11.10-13,VC ARR,""
NURS,518,Translating Evidence into Practice,01,13373,3,W13.10-16,VC ARR,S Fincham
NURS,518,Translating Evidence into Practice,"","","",W13.10-16,VC ARR,""
NURS,518,Translating Evidence into Practice,"","","",W13.10-16,VC ARR,""
NURS,518,Translating Evidence into Practice,"","","",W13.10-16,VC ARR,""
NURS,518,Translating Evidence into Practice,"","","",W13.10-16,VC ARR,""
NURS,518,Translating Evidence into Practice,02,13374,3,W13.10-16,VC ARR,S Fincham
NURS,518,Translating Evidence into Practice,"","","",W13.10-16,VC ARR,""
NURS,518,Translating Evidence into Practice,"","","",W13.10-16,VC ARR,""
NURS,518,Translating Evidence into Practice,"","","",W13.10-16,VC ARR,""
NURS,518,Translating Evidence into Practice,"","","",W13.10-16,VC ARR,""
NURS,518,Translating Evidence into Practice,01 Lab,14087,0,ARRGT,ARR ARR,S Fincham
NURS,523,Nursing Education: Curriculum and Accreditation,01,13317,3,TU8.10-11,VC ARR,J Katz
NURS,523,Nursing Education: Curriculum and Accreditation,"","","",TU8.10-11,VC ARR,""
NURS,523,Nursing Education: Curriculum and Accreditation,"","","",TU8.10-11,VC ARR,""
NURS,523,Nursing Education: Curriculum and Accreditation,"","","",TU8.10-11,VC ARR,""
NURS,523,Nursing Education: Curriculum and Accreditation,"","","",TU8.10-11,VC ARR,""
NURS,523,Nursing Education: Curriculum and Accreditation,02,13318,3,TU8.10-11,VC ARR,J Katz
NURS,523,Nursing Education: Curriculum and Accreditation,"","","",TU8.10-11,VC ARR,""
NURS,523,Nursing Education: Curriculum and Accreditation,"","","",TU8.10-11,VC ARR,""
NURS,523,Nursing Education: Curriculum and Accreditation,"","","",TU8.10-11,VC ARR,""
NURS,523,Nursing Education: Curriculum and Accreditation,"","","",TU8.10-11,VC ARR,""
NURS,523,Nursing Education: Curriculum and Accreditation,03,13319,3,TU8.10-11,VC ARR,J Katz
NURS,523,Nursing Education: Curriculum and Accreditation,"","","",TU8.10-11,VC ARR,""
NURS,523,Nursing Education: Curriculum and Accreditation,"","","",TU8.10-11,VC ARR,""
NURS,523,Nursing Education: Curriculum and Accreditation,"","","",TU8.10-11,VC ARR,""
NURS,523,Nursing Education: Curriculum and Accreditation,"","","",TU8.10-11,VC ARR,""
NURS,527,"Association, Group Difference and Regression Techniques for Health Services",01,13321,3,F8.10-11,VC ARR,C Smith
NURS,527,"Association, Group Difference and Regression Techniques for Health Services","","","",F8.10-11,VC ARR,""
NURS,527,"Association, Group Difference and Regression Techniques for Health Services","","","",F8.10-11,VC ARR,""
NURS,527,"Association, Group Difference and Regression Techniques for Health Services","","","",F8.10-11,AMS ARR,""
NURS,527,"Association, Group Difference and Regression Techniques for Health Services","","","",F8.10-11,VC ARR,""
NURS,527,"Association, Group Difference and Regression Techniques for Health Services","","","",F8.10-11,VC ARR,""
NURS,527,"Association, Group Difference and Regression Techniques for Health Services",02,13322,3,F8.10-11,VC ARR,C Smith
NURS,527,"Association, Group Difference and Regression Techniques for Health Services","","","",F8.10-11,VC ARR,""
NURS,527,"Association, Group Difference and Regression Techniques for Health Services","","","",F8.10-11,VC ARR,""
NURS,527,"Association, Group Difference and Regression Techniques for Health Services","","","",F8.10-11,VC ARR,""
NURS,527,"Association, Group Difference and Regression Techniques for Health Services","","","",F8.10-11,VC ARR,""
NURS,527,"Association, Group Difference and Regression Techniques for Health Services","","","",F8.10-11,VC ARR,""
NURS,527,"Association, Group Difference and Regression Techniques for Health Services",03,13396,3,F8.10-11,VC ARR,""
NURS,527,"Association, Group Difference and Regression Techniques for Health Services","","","",F8.10-11,VC ARR,""
NURS,527,"Association, Group Difference and Regression Techniques for Health Services","","","",F8.10-11,VC ARR,""
NURS,527,"Association, Group Difference and Regression Techniques for Health Services","","","",F8.10-11,VC ARR,""
NURS,527,"Association, Group Difference and Regression Techniques for Health Services","","","",F8.10-11,VC ARR,""
NURS,527,"Association, Group Difference and Regression Techniques for Health Services","","","",F8.10-11,VC ARR,""
NURS,529,Analytical Seminar for Health Science,01,13323,3,F8.10-11,VC ARR,J Katz
NURS,529,Analytical Seminar for Health Science,"","","",F8.10-11,VC ARR,""
NURS,529,Analytical Seminar for Health Science,"","","",F8.10-11,VC ARR,""
NURS,529,Analytical Seminar for Health Science,"","","",F8.10-11,VC ARR,""
NURS,529,Analytical Seminar for Health Science,"","","",F8.10-11,VC ARR,""
NURS,529,Analytical Seminar for Health Science,"","","",F8.10-11,VC ARR,""
NURS,529,Analytical Seminar for Health Science,02,13397,3,F8.10-11,"",J Katz
NURS,529,Analytical Seminar for Health Science,"","","",F8.10-11,"",""
NURS,529,Analytical Seminar for Health Science,"","","",F8.10-11,"",""
NURS,529,Analytical Seminar for Health Science,"","","",F8.10-11,ARR ARR,""
NURS,529,Analytical Seminar for Health Science,"","","",F8.10-11,"",""
NURS,529,Analytical Seminar for Health Science,"","","",F8.10-11,"",""
NURS,529,Analytical Seminar for Health Science,03,13398,3,F8.10-11,VC ARR,J Katz
NURS,529,Analytical Seminar for Health Science,"","","",F8.10-11,VC ARR,""
NURS,529,Analytical Seminar for Health Science,"","","",F8.10-11,VC ARR,""
NURS,529,Analytical Seminar for Health Science,"","","",F8.10-11,VC ARR,""
NURS,529,Analytical Seminar for Health Science,"","","",F8.10-11,VC ARR,""
NURS,529,Analytical Seminar for Health Science,"","","",F8.10-11,VC ARR,""
NURS,530,Theory of Psychopharmacology and Safe Prescribing Practices,01,13364,3,M10.10-13,VC ARR,C Chacon
NURS,530,Theory of Psychopharmacology and Safe Prescribing Practices,"","","",M10.10-13,VC ARR,""
NURS,530,Theory of Psychopharmacology and Safe Prescribing Practices,"","","",M10.10-13,VC ARR,""
NURS,530,Theory of Psychopharmacology and Safe Prescribing Practices,"","","",M10.10-13,VC ARR,""
NURS,530,Theory of Psychopharmacology and Safe Prescribing Practices,"","","",M10.10-13,VC ARR,""
NURS,530,Theory of Psychopharmacology and Safe Prescribing Practices,02,13412,3,M10.10-13,VC ARR,C Chacon
NURS,530,Theory of Psychopharmacology and Safe Prescribing Practices,"","","",M10.10-13,VC ARR,""
NURS,530,Theory of Psychopharmacology and Safe Prescribing Practices,"","","",M10.10-13,VC ARR,""
NURS,530,Theory of Psychopharmacology and Safe Prescribing Practices,"","","",M10.10-13,VC ARR,""
NURS,530,Theory of Psychopharmacology and Safe Prescribing Practices,"","","",M10.10-13,VC ARR,""
NURS,534,Research Seminar: Grant Development and Critique,01,13348,3,TH13.10-16,VC ARR,R Fritz
NURS,534,Research Seminar: Grant Development and Critique,"","","",TH13.10-16,VC ARR,""
NURS,534,Research Seminar: Grant Development and Critique,"","","",TH13.10-16,VC ARR,""
NURS,534,Research Seminar: Grant Development and Critique,"","","",TH13.10-16,VC ARR,""
NURS,534,Research Seminar: Grant Development and Critique,"","","",TH13.10-16,VC ARR,""
NURS,534,Research Seminar: Grant Development and Critique,"","","",TH13.10-16,VC ARR,""
NURS,534,Research Seminar: Grant Development and Critique,02,13349,3,TH13.10-16,VC ARR,R Fritz
NURS,534,Research Seminar: Grant Development and Critique,"","","",TH13.10-16,VC ARR,""
NURS,534,Research Seminar: Grant Development and Critique,"","","",TH13.10-16,VC ARR,""
NURS,534,Research Seminar: Grant Development and Critique,"","","",TH13.10-16,VC ARR,""
NURS,534,Research Seminar: Grant Development and Critique,"","","",TH13.10-16,VC ARR,""
NURS,534,Research Seminar: Grant Development and Critique,"","","",TH13.10-16,VC ARR,""
NURS,534,Research Seminar: Grant Development and Critique,03,13407,3,TH13.10-16,VC ARR,""
NURS,534,Research Seminar: Grant Development and Critique,"","","",TH13.10-16,VC ARR,""
NURS,534,Research Seminar: Grant Development and Critique,"","","",TH13.10-16,VC ARR,""
NURS,534,Research Seminar: Grant Development and Critique,"","","",TH13.10-16,VC ARR,""
NURS,534,Research Seminar: Grant Development and Critique,"","","",TH13.10-16,VC ARR,""
NURS,534,Research Seminar: Grant Development and Critique,"","","",TH13.10-16,VC ARR,""
NURS,537,Primary Care III: Chronic Health Conditions Across the Lifespan,01,13375,3,TH13.10-16,VC ARR,F Brown
NURS,537,Primary Care III: Chronic Health Conditions Across the Lifespan,"","","",TH13.10-16,VC ARR,""
NURS,537,Primary Care III: Chronic Health Conditions Across the Lifespan,"","","",TH13.10-16,VC ARR,""
NURS,537,Primary Care III: Chronic Health Conditions Across the Lifespan,"","","",TH13.10-16,VC ARR,""
NURS,537,Primary Care III: Chronic Health Conditions Across the Lifespan,"","","",TH13.10-16,VC ARR,""
NURS,537,Primary Care III: Chronic Health Conditions Across the Lifespan,02,13376,3,TH13.10-16,VC ARR,F Brown
NURS,537,Primary Care III: Chronic Health Conditions Across the Lifespan,"","","",TH13.10-16,VC ARR,""
NURS,537,Primary Care III: Chronic Health Conditions Across the Lifespan,"","","",TH13.10-16,VC ARR,""
NURS,537,Primary Care III: Chronic Health Conditions Across the Lifespan,"","","",TH13.10-16,VC ARR,""
NURS,537,Primary Care III: Chronic Health Conditions Across the Lifespan,"","","",TH13.10-16,VC ARR,""
NURS,538,Primary Care Practicum III,01,13377,2,TH16.10-18,VC ARR,K White
NURS,538,Primary Care Practicum III,"","","",TH16.10-18,VC ARR,""
NURS,538,Primary Care Practicum III,"","","",TH16.10-18,VC ARR,""
NURS,538,Primary Care Practicum III,"","","",TH16.10-18,VC ARR,""
NURS,538,Primary Care Practicum III,"","","",TH16.10-18,VC ARR,""
NURS,538,Primary Care Practicum III,02,13378,2,TH16.10-18,VC ARR,K White
NURS,538,Primary Care Practicum III,"","","",TH16.10-18,VC ARR,""
NURS,538,Primary Care Practicum III,"","","",TH16.10-18,VC ARR,""
NURS,538,Primary Care Practicum III,"","","",TH16.10-18,VC ARR,""
NURS,538,Primary Care Practicum III,"","","",TH16.10-18,VC ARR,""
NURS,540,NP Clinical Practicum,01,13320,V,TH8.10-10,VC ARR,D Eti
NURS,540,NP Clinical Practicum,"","","",TH8.10-10,VC ARR,""
NURS,540,NP Clinical Practicum,"","","",TH8.10-10,VC ARR,""
NURS,540,NP Clinical Practicum,"","","",TH8.10-10,VC ARR,""
NURS,540,NP Clinical Practicum,"","","",TH8.10-10,VC ARR,""
NURS,540,NP Clinical Practicum,02,13334,V,TH8.10-10,VC ARR,D Eti
NURS,540,NP Clinical Practicum,"","","",TH8.10-10,VC ARR,""
NURS,540,NP Clinical Practicum,"","","",TH8.10-10,VC ARR,""
NURS,540,NP Clinical Practicum,"","","",TH8.10-10,VC ARR,""
NURS,540,NP Clinical Practicum,"","","",TH8.10-10,VC ARR,""
NURS,542,"Advanced Pathophysiology, Pharmacology, and Assessment for Population Healthcare Professionals",01,13431,4,TU11.10-15,VC ARR,B Sarkinen
NURS,542,"Advanced Pathophysiology, Pharmacology, and Assessment for Population Healthcare Professionals","","","",TU11.10-15,VC ARR,""
NURS,542,"Advanced Pathophysiology, Pharmacology, and Assessment for Population Healthcare Professionals","","","",TU11.10-15,VC ARR,""
NURS,542,"Advanced Pathophysiology, Pharmacology, and Assessment for Population Healthcare Professionals","","","",TU11.10-15,VC ARR,""
NURS,542,"Advanced Pathophysiology, Pharmacology, and Assessment for Population Healthcare Professionals","","","",TU11.10-15,VC ARR,""
NURS,542,"Advanced Pathophysiology, Pharmacology, and Assessment for Population Healthcare Professionals",01 Lab,14095,0,TU11.10-15,WEB ARR,B Sarkinen
NURS,545,Therapeutic Modalities II,01,13365,3,W16.10-19,VC ARR,P Stover
NURS,545,Therapeutic Modalities II,"","","",W16.10-19,VC ARR,""
NURS,545,Therapeutic Modalities II,"","","",W16.10-19,VC ARR,""
NURS,545,Therapeutic Modalities II,"","","",W16.10-19,VC ARR,""
NURS,545,Therapeutic Modalities II,"","","",W16.10-19,VC ARR,""
NURS,545,Therapeutic Modalities II,02,13413,3,W16.10-19,VC ARR,""
NURS,545,Therapeutic Modalities II,"","","",W16.10-19,VC ARR,""
NURS,545,Therapeutic Modalities II,"","","",W16.10-19,VC ARR,""
NURS,545,Therapeutic Modalities II,"","","",W16.10-19,VC ARR,""
NURS,545,Therapeutic Modalities II,"","","",W16.10-19,VC ARR,""
NURS,554,Epidemiology and Biostatistics for Health Professions,01,13350,3,TU18.10-21,VC ARR,J Graves
NURS,554,Epidemiology and Biostatistics for Health Professions,"","","",TU18.10-21,"",""
NURS,554,Epidemiology and Biostatistics for Health Professions,"","","",TU18.10-21,"",""
NURS,554,Epidemiology and Biostatistics for Health Professions,"","","",TU18.10-21,"",""
NURS,554,Epidemiology and Biostatistics for Health Professions,"","","",TU18.10-21,"",""
NURS,554,Epidemiology and Biostatistics for Health Professions,02,13351,3,TU18.10-21,"",""
NURS,554,Epidemiology and Biostatistics for Health Professions,"","","",TU18.10-21,VC ARR,""
NURS,554,Epidemiology and Biostatistics for Health Professions,"","","",TU18.10-21,VC ARR,""
NURS,554,Epidemiology and Biostatistics for Health Professions,"","","",TU18.10-21,VC ARR,""
NURS,554,Epidemiology and Biostatistics for Health Professions,"","","",TU18.10-21,VC ARR,""
NURS,556,Advanced Population Health,01,13341,V,TU18.10-20,VC ARR,C Van Son
NURS,556,Advanced Population Health,"","","",TU18.10-20,VC ARR,""
NURS,556,Advanced Population Health,"","","",TU18.10-20,VC ARR,""
NURS,556,Advanced Population Health,"","","",TU18.10-20,VC ARR,""
NURS,556,Advanced Population Health,"","","",TU18.10-21,VC ARR,""
NURS,556,Advanced Population Health,01 Lab,13345,0,TU18.10-20,ARR ARR,C Van Son
NURS,559,DNP Project III,01,13352,3,TH10.10-13,VC ARR,J Purath
NURS,559,DNP Project III,"","","",TH10.10-13,VC ARR,""
NURS,559,DNP Project III,"","","",TH10.10-13,VC ARR,""
NURS,559,DNP Project III,"","","",TH10.10-13,VC ARR,""
NURS,559,DNP Project III,"","","",TH10.10-13,VC ARR,""
NURS,559,DNP Project III,02,13353,3,TH10.10-13,VC ARR,A Hamel
NURS,559,DNP Project III,"","","",TH10.10-13,VC ARR,""
NURS,559,DNP Project III,"","","",TH10.10-13,VC ARR,""
NURS,559,DNP Project III,"","","",TH10.10-13,VC ARR,""
NURS,559,DNP Project III,"","","",TH10.10-13,VC ARR,""
NURS,559,DNP Project III,03,15997,3,TH10.10-13,AMS ARR,F Brown
NURS,559,DNP Project III,"","","",TH10.10-13,AMS ARR,""
NURS,559,DNP Project III,"","","",TH10.10-13,AMS ARR,""
NURS,559,DNP Project III,"","","",TH10.10-13,AMS ARR,""
NURS,559,DNP Project III,"","","",TH10.10-13,AMS ARR,""
NURS,559,DNP Project III,04,15998,3,TH10.10-13,AMS ARR,J Purath
NURS,559,DNP Project III,"","","",TH10.10-13,AMS ARR,""
NURS,559,DNP Project III,"","","",TH10.10-13,AMS ARR,""
NURS,559,DNP Project III,"","","",TH10.10-13,AMS ARR,""
NURS,559,DNP Project III,"","","",TH10.10-13,AMS ARR,""
NURS,559,DNP Project III,05,15999,3,TH10.10-13,AMS ARR,E Phenneger
NURS,559,DNP Project III,"","","",TH10.10-13,AMS ARR,""
NURS,559,DNP Project III,"","","",TH10.10-13,AMS ARR,""
NURS,559,DNP Project III,"","","",TH10.10-13,AMS ARR,""
NURS,559,DNP Project III,"","","",TH10.10-13,AMS ARR,""
NURS,559,DNP Project III,01 Lab,13356,0,TH10.10-13,ARR ARR,""
NURS,559,DNP Project III,02 Lab,13371,0,TH10.10-13,ARR ARR,A Hamel
NURS,560,PMHNP Practicum II,01,13372,3,TH13.10-15,VC ARR,C Chacon
NURS,560,PMHNP Practicum II,"","","",TH13.10-15,VC ARR,""
NURS,560,PMHNP Practicum II,"","","",TH13.10-15,VC ARR,""
NURS,560,PMHNP Practicum II,"","","",TH13.10-15,VC ARR,""
NURS,560,PMHNP Practicum II,"","","",TH13.10-15,VC ARR,""
NURS,560,PMHNP Practicum II,02,13418,3,TH13.10-15,VC ARR,C Chacon
NURS,560,PMHNP Practicum II,"","","",TH13.10-15,VC ARR,""
NURS,560,PMHNP Practicum II,"","","",TH13.10-15,VC ARR,""
NURS,560,PMHNP Practicum II,"","","",TH13.10-15,VC ARR,""
NURS,560,PMHNP Practicum II,"","","",TH13.10-15,VC ARR,""
NURS,573,Rational Prescribing,01,13366,3,W16.10-19,VC ARR,T Klein
NURS,573,Rational Prescribing,"","","",W16.10-19,VC ARR,""
NURS,573,Rational Prescribing,"","","",W16.10-19,VC ARR,""
NURS,573,Rational Prescribing,"","","",W16.10-19,VC ARR,""
NURS,573,Rational Prescribing,"","","",W16.10-19,VC ARR,""
NURS,573,Rational Prescribing,02,13367,3,W16.10-19,VC ARR,""
NURS,573,Rational Prescribing,"","","",W16.10-19,VC ARR,""
NURS,573,Rational Prescribing,"","","",W16.10-19,VC ARR,""
NURS,573,Rational Prescribing,"","","",W16.10-19,VC ARR,""
NURS,573,Rational Prescribing,"","","",W16.10-19,VC ARR,""
NURS,576,Organizational Systems and Leadership I,01,13379,3,TU12.10-15,VC ARR,C Warburton
NURS,576,Organizational Systems and Leadership I,"","","",TU12.10-15,VC ARR,""
NURS,576,Organizational Systems and Leadership I,"","","",TU12.10-15,VC ARR,""
NURS,576,Organizational Systems and Leadership I,"","","",TU12.10-15,VC ARR,""
NURS,576,Organizational Systems and Leadership I,"","","",TU12.10-15,VC ARR,""
NURS,576,Organizational Systems and Leadership I,02,13380,3,TU12.10-15,VC ARR,""
NURS,576,Organizational Systems and Leadership I,"","","",TU12.10-15,VC ARR,""
NURS,576,Organizational Systems and Leadership I,"","","",TU12.10-15,VC ARR,""
NURS,576,Organizational Systems and Leadership I,"","","",TU12.10-15,VC ARR,""
NURS,576,Organizational Systems and Leadership I,"","","",TU12.10-15,VC ARR,""
NURS,576,Organizational Systems and Leadership I,01 Lab,14096,0,ARRGT,ARR ARR,C Warburton
NURS,582,PMHNP Internship,01,"",3,TH15.10-17,VC ARR,A Hamel
NURS,582,PMHNP Internship,"","","",TH15.10-17,VC ARR,""
NURS,582,PMHNP Internship,"","","",TH15.10-17,VC ARR,""
NURS,582,PMHNP Internship,"","","",TH15.10-17,VC ARR,""
NURS,582,PMHNP Internship,"","","",TH15.10-17,VC ARR,""
NURS,582,PMHNP Internship,02,"",3,TH15.10-17,VC ARR,A Hamel
NURS,582,PMHNP Internship,"","","",TH15.10-17,VC ARR,""
NURS,582,PMHNP Internship,"","","",TH15.10-17,VC ARR,""
NURS,582,PMHNP Internship,"","","",TH15.10-17,VC ARR,""
NURS,582,PMHNP Internship,"","","",TH15.10-17,VC ARR,""
NURS,583,DNP Population Health Practicum,01,13416,V,TU18.10-20,AMS ARR,C Van Son
NURS,583,DNP Population Health Practicum,"","","",TU18.10-20,AMS ARR,""
NURS,583,DNP Population Health Practicum,"","","",TU18.10-20,AMS ARR,""
NURS,583,DNP Population Health Practicum,"","","",TU18.10-20,AMS ARR,""
NURS,583,DNP Population Health Practicum,"","","",TU18.10-20,AMS ARR,""
NURS,584,"Health Care Law, Policy, and Analysis",01,13354,3,TU15.10-18,AMS ARR,""
NURS,584,"Health Care Law, Policy, and Analysis","","","",TU15.10-18,AMS ARR,""
NURS,584,"Health Care Law, Policy, and Analysis","","","",TU15.10-18,AMS ARR,""
NURS,584,"Health Care Law, Policy, and Analysis","","","",TU15.10-18,AMS ARR,""
NURS,584,"Health Care Law, Policy, and Analysis","","","",TU15.10-18,AMS ARR,""
NURS,584,"Health Care Law, Policy, and Analysis",02,13355,3,TU15.10-18,AMS ARR,L Kaplan
NURS,584,"Health Care Law, Policy, and Analysis","","","",TU15.10-18,AMS ARR,""
NURS,584,"Health Care Law, Policy, and Analysis","","","",TU15.10-18,AMS ARR,""
NURS,584,"Health Care Law, Policy, and Analysis","","","",TU15.10-18,AMS ARR,""
NURS,584,"Health Care Law, Policy, and Analysis",03,14099,3,TU15.10-18,AMS ARR,L Kaplan
NURS,584,"Health Care Law, Policy, and Analysis","","","",TU15.10-18,AMS ARR,""
NURS,584,"Health Care Law, Policy, and Analysis","","","",TU15.10-18,AMS ARR,""
NURS,584,"Health Care Law, Policy, and Analysis","","","",TU15.10-18,AMS ARR,""
NURS,584,"Health Care Law, Policy, and Analysis","","","",TU15.10-18,AMS ARR,""
NURS,587,Research Inquiry: Qualitative Methods I,01,13324,3,TH9.10-12,AMS ARR,T Landis
NURS,587,Research Inquiry: Qualitative Methods I,"","","",TH9.10-12,AMS ARR,""
NURS,587,Research Inquiry: Qualitative Methods I,"","","",TH9.10-12,AMS ARR,""
NURS,587,Research Inquiry: Qualitative Methods I,"","","",TH9.10-12,AMS ARR,""
NURS,587,Research Inquiry: Qualitative Methods I,"","","",TH9.10-12,AMS ARR,""
NURS,587,Research Inquiry: Qualitative Methods I,"","","",TH9.10-12,AMS ARR,""
NURS,587,Research Inquiry: Qualitative Methods I,02,13325,3,TH9.10-12,ARR ARR,T Landis
NURS,587,Research Inquiry: Qualitative Methods I,"","","",TH9.10-12,ARR ARR,""
NURS,587,Research Inquiry: Qualitative Methods I,"","","",TH9.10-12,ARR ARR,""
NURS,587,Research Inquiry: Qualitative Methods I,"","","",TH9.10-12,ARR ARR,""
NURS,587,Research Inquiry: Qualitative Methods I,"","","",TH9.10-12,ARR ARR,""
NURS,587,Research Inquiry: Qualitative Methods I,"","","",TH9.10-12,ARR ARR,""
NURS,587,Research Inquiry: Qualitative Methods I,03,13399,3,TH9.10-12,ARR ARR,T Landis
NURS,587,Research Inquiry: Qualitative Methods I,"","","",TH9.10-12,ARR ARR,""
NURS,587,Research Inquiry: Qualitative Methods I,"","","",TH9.10-12,ARR ARR,""
NURS,587,Research Inquiry: Qualitative Methods I,"","","",TH9.10-12,ARR ARR,""
NURS,587,Research Inquiry: Qualitative Methods I,"","","",TH9.10-12,ARR ARR,""
NURS,587,Research Inquiry: Qualitative Methods I,"","","",TH9.10-12,ARR ARR,""
NURS,593,Preliminary Examination Seminar,01,13326,1,F11.10-12,AMS ARR,J Katz
NURS,593,Preliminary Examination Seminar,"","","",F11.10-12,AMS ARR,""
NURS,593,Preliminary Examination Seminar,"","","",F11.10-12,AMS ARR,""
NURS,593,Preliminary Examination Seminar,"","","",F11.10-12,AMS ARR,""
NURS,593,Preliminary Examination Seminar,"","","",F11.10-12,AMS ARR,""
NURS,593,Preliminary Examination Seminar,"","","",F11.10-12,AMS ARR,""
NURS,593,Preliminary Examination Seminar,02,13327,1,F11.10-12,ARR ARR,""
NURS,593,Preliminary Examination Seminar,"","","",F11.10-12,ARR ARR,""
NURS,593,Preliminary Examination Seminar,"","","",F11.10-12,ARR ARR,""
NURS,593,Preliminary Examination Seminar,"","","",F11.10-12,ARR ARR,""
NURS,593,Preliminary Examination Seminar,"","","",F11.10-12,ARR ARR,""
NURS,593,Preliminary Examination Seminar,"","","",F11.10-12,ARR ARR,""
NURS,597,Advanced Topics in Nursing,01,14097,V,ARRGT,ARR ARR,N Wood
NURS,598,Advanced Topics in Nursing,04,13429,V,TH18.10-19,AMS ARR,L Kaplan
NURS,598,Advanced Topics in Nursing,"","","",TH18.10-19,AMS ARR,""
NURS,598,Advanced Topics in Nursing,"","","",TH18.10-19,AMS ARR,""
NURS,598,Advanced Topics in Nursing,"","","",TH18.10-19,AMS ARR,""
NURS,598,Advanced Topics in Nursing,"","","",TH18.10-19,AMS ARR,""
NURS,598,Advanced Topics in Nursing,05,13430,V,ARRGT,ARR ARR,T Landis
NURS,599,Independent Study,01,"",V,ARRGT,ARR ARR,J Purath
NURS,599,Independent Study,03,"",V,ARRGT,ARR ARR,A Mason
NURS,702,"Master's Special Problems, Directed Study, and/or Examination",01,"",V,TU15.10-18,VC ARR,(multiple)
NURS,702,"Master's Special Problems, Directed Study, and/or Examination","","","",TU15.10-18,VC ARR,""
NURS,702,"Master's Special Problems, Directed Study, and/or Examination","","","",TU15.10-18,VC ARR,""
NURS,702,"Master's Special Problems, Directed Study, and/or Examination","","","",TU15.10-18,VC ARR,""
NURS,702,"Master's Special Problems, Directed Study, and/or Examination","","","",TU15.10-18,VC ARR,""
NURS,800,"Doctoral Research, Dissertation, and/or Examination",01,13333,V,ARRGT,ARR ARR,(multiple)
PHARDSCI,499,Special Problems,01,"",V,ARRGT,ARR ARR,(multiple)
PHARDSCI,499,Special Problems,50,"",V,ARRGT,ARR ARR,""
PHARDSCI,502,Integrated Pharmacology I,01,"",4,ARRGT,ARR ARR,D Jackson
PHARDSCI,510,Basic and Clinical Pharmacogenomics,01,13075,2,TU10.10-12,WEB ARR,S Daoud
PHARDSCI,510,Basic and Clinical Pharmacogenomics,50,13076,2,TU8.10-10,WEB ARR,R Crutchley
PHARDSCI,512,Integrated Pharmacology II,01,13064,4,"W,F8.10-10",WEB ARR,S Marsh
PHARDSCI,512,Integrated Pharmacology II,50,13073,4,"W,F8.10-10",WEB ARR,D Brand
PHARDSCI,518,Pharmaceutics II,01,13065,2,TU8.10-10,WEB ARR,C Remsberg
PHARDSCI,518,Pharmaceutics II,50,13074,2,TU10.10-12,WEB ARR,D Brand
PHARDSCI,519,Pharmaceutics Laboratory,01,13068,1,TU13.10-15.30,WEB ARR,A Ahmed
PHARDSCI,519,Pharmaceutics Laboratory,02,13069,1,TU15.50-18.10,WEB ARR,A Ahmed
PHARDSCI,519,Pharmaceutics Laboratory,03,13070,1,TH9.10-11.30,WEB ARR,A Ahmed
PHARDSCI,519,Pharmaceutics Laboratory,04,13071,1,TH13.10-15.30,WEB ARR,A Ahmed
PHARDSCI,519,Pharmaceutics Laboratory,50,13077,1,TU13.10-15.30,WEB ARR,D Brand
PHARDSCI,542,Integrated Pharmacology IV,01,13066,4,"TU,TH10.10-12",WEB ARR,S Wang
PHARDSCI,542,Integrated Pharmacology IV,50,13080,4,"TU,TH10.10-12",WEB ARR,R Crutchley
PHARDSCI,547,Drug Development,01,13081,2,TH15.10-17,WEB ARR,T Denton
PHARDSCI,547,Drug Development,50,13082,2,TH15.10-17,WEB ARR,N Giruzzi
PHARDSCI,598,Honors Research,01,"",V,ARRGT,ARR ARR,""
PHARDSCI,598,Honors Research,50,"",V,ARRGT,ARR ARR,""
PHARDSCI,599,Special Projects,01,"",V,ARRGT,ARR ARR,(multiple)
PHARDSCI,599,Special Projects,50,"",V,ARRGT,ARR ARR,(multiple)
PHARMACY,499,Special Problems,01,"",V,ARRGT,ARR ARR,(multiple)
PHARMACY,499,Special Problems,50,"",V,ARRGT,ARR ARR,""
PHARMACY,501,Applied Patient Care I: Patient Assessment,01,12981,1,W14.10-15,WEB ARR,T Bertsch
PHARMACY,501,Applied Patient Care I: Patient Assessment,"","","",TH8.10-9.40,WEB ARR,""
PHARMACY,501,Applied Patient Care I: Patient Assessment,02,12982,1,W14.10-15,WEB ARR,T Bertsch
PHARMACY,501,Applied Patient Care I: Patient Assessment,"","","",TH9.50-11.20,WEB ARR,""
PHARMACY,501,Applied Patient Care I: Patient Assessment,03,12983,1,W14.10-15,WEB ARR,T Bertsch
PHARMACY,501,Applied Patient Care I: Patient Assessment,"","","",TH12.30-14,WEB ARR,""
PHARMACY,501,Applied Patient Care I: Patient Assessment,04,12984,1,W14.10-15,WEB ARR,T Bertsch
PHARMACY,501,Applied Patient Care I: Patient Assessment,"","","",TH14.10-15.40,WEB ARR,""
PHARMACY,501,Applied Patient Care I: Patient Assessment,50,13013,1,W14.10-15,WEB ARR,C Buchman
PHARMACY,501,Applied Patient Care I: Patient Assessment,"","","",TH8.10-9.40,WEB ARR,""
PHARMACY,501,Applied Patient Care I: Patient Assessment,51,13014,1,W14.10-15,WEB ARR,C Buchman
PHARMACY,501,Applied Patient Care I: Patient Assessment,"","","",TH9.50-11.20,WEB ARR,""
PHARMACY,509,Professional Communications Lab,01,"",1,ARRGT,ARR ARR,M Willson
PHARMACY,513,Introductory Pharmacy Practice Experience I,01,12985,1,W13.10-14,WEB ARR,T Bertsch
PHARMACY,513,Introductory Pharmacy Practice Experience I,50,13011,1,W13.10-14,WEB ARR,D Brand
PHARMACY,514,Pharmacotherapy I,01,12986,4,"W,F10.10-12",WEB ARR,J Clark
PHARMACY,514,Pharmacotherapy I,50,13012,4,"W,F10.10-12",WEB ARR,J Clark
PHARMACY,531,Applied Patient Care II: Clinical Assessment and Documentation,01,"",1,ARRGT,ARR ARR,K Mckeirnan
PHARMACY,541,Applied Patient Care III: Medication Therapy Management,01,12987,1,TU14.10-15,WEB ARR,S Kherghehpoush
PHARMACY,541,Applied Patient Care III: Medication Therapy Management,"","","",W8.10-10,WEB ARR,""
PHARMACY,541,Applied Patient Care III: Medication Therapy Management,02,12988,1,TU14.10-15,WEB ARR,S Kherghehpoush
PHARMACY,541,Applied Patient Care III: Medication Therapy Management,"","","",W10.10-12,WEB ARR,""
PHARMACY,541,Applied Patient Care III: Medication Therapy Management,03,12989,1,TU14.10-15,WEB ARR,S Kherghehpoush
PHARMACY,541,Applied Patient Care III: Medication Therapy Management,"","","",W13.10-15,WEB ARR,""
PHARMACY,541,Applied Patient Care III: Medication Therapy Management,50,13022,1,TU14.10-15,WEB ARR,J Luu
PHARMACY,541,Applied Patient Care III: Medication Therapy Management,"","","",W8.10-10,WEB ARR,""
PHARMACY,541,Applied Patient Care III: Medication Therapy Management,51,13023,1,TU14.10-15,WEB ARR,J Luu
PHARMACY,541,Applied Patient Care III: Medication Therapy Management,"","","",W10.10-12,WEB ARR,""
PHARMACY,541,Applied Patient Care III: Medication Therapy Management,52,15957,1,TU14.10-15,WEB ARR,J Luu
PHARMACY,541,Applied Patient Care III: Medication Therapy Management,"","","",W13.10-15,WEB ARR,""
PHARMACY,543,Introductory Pharmacy Practice Experience III,01,12990,1,TU13.10-14,WEB ARR,J Miller
PHARMACY,543,Introductory Pharmacy Practice Experience III,50,13024,1,TU13.10-14,WEB ARR,A Stewart
PHARMACY,544,Pharmacotherapy III,01,12991,4,"TU,TH8.10-10",WEB ARR,J Roullet
PHARMACY,544,Pharmacotherapy III,50,13026,4,"TU,TH8.10-10",WEB ARR,A Kim
PHARMACY,551,Applied Patient Care IV: Advanced Medication Therapy Management,01,"",2,ARRGT,ARR ARR,C Buchman
PHARMACY,551,Applied Patient Care IV: Advanced Medication Therapy Management,01 Lab,16554,0,ARRGT,ARR ARR,C Buchman
PHARMACY,553,Introductory Pharmacy Practice Experience IV,01,14037,3,TU11.10-12,WEB ARR,J Miller
PHARMACY,553,Introductory Pharmacy Practice Experience IV,50,14038,3,TU11.10-12,WEB ARR,J Miller
PHARMACY,555,Drug Information and Literature Evaluation,01,13016,4,"W,F8.10-10",WEB ARR,D Baker
PHARMACY,555,Drug Information and Literature Evaluation,50,13031,4,"W,F8.10-10",WEB ARR,A Kim
PHARMACY,557,Pharmacotherapy V,01,12992,4,"W,F10.10-12",WEB ARR,M Undeberg
PHARMACY,557,Pharmacotherapy V,50,13032,4,"W,F10.10-12",WEB ARR,N Giruzzi
PHARMACY,558,Applied Clinical Pharmacokinetics,01,13015,2,TH13.10-15,WEB ARR,J White
PHARMACY,558,Applied Clinical Pharmacokinetics,50,13027,2,TH13.10-15,WEB ARR,J White
PHARMACY,559,Quality Assurance and Patient Safety,01,13009,2,TU15.10-17,WEB ARR,L Marcath
PHARMACY,559,Quality Assurance and Patient Safety,50,13025,2,TU15.10-17,WEB ARR,A Stewart
PHARMACY,561,Applied Patient Care V: Integrated Patient Care,01,13021,2,TU13.10-14,WEB ARR,B Zhang
PHARMACY,561,Applied Patient Care V: Integrated Patient Care,50,13036,2,TU13.10-14,WEB ARR,C Buchman
PHARMACY,561,Applied Patient Care V: Integrated Patient Care,01 Lab,13003,0,TH8.10-10,WEB ARR,B Zhang
PHARMACY,561,Applied Patient Care V: Integrated Patient Care,02 Lab,13004,0,TH10.10-12,WEB ARR,B Zhang
PHARMACY,561,Applied Patient Care V: Integrated Patient Care,03 Lab,13005,0,TH13.10-15,WEB ARR,B Zhang
PHARMACY,561,Applied Patient Care V: Integrated Patient Care,50 Lab,13037,0,TH8.10-10,WEB ARR,C Buchman
PHARMACY,561,Applied Patient Care V: Integrated Patient Care,51 Lab,13045,0,TH10.10-12,WEB ARR,C Buchman
PHARMACY,561,Applied Patient Care V: Integrated Patient Care,52 Lab,15966,0,TH13.10-15,WEB ARR,C Buchman
PHARMACY,563,Introductory Pharmacy Practice Experience V,01,12994,2,W13.10-15,WEB ARR,J Miller
PHARMACY,563,Introductory Pharmacy Practice Experience V,50,13033,2,W13.10-15,WEB ARR,N Giruzzi
PHARMACY,564,Pharmacy Law and Regulatory Affairs,01,13002,3,TU14.10-17,WEB ARR,J Akers
PHARMACY,564,Pharmacy Law and Regulatory Affairs,50,13034,3,TU14.10-17,WEB ARR,J Luu
PHARMACY,572,Physical Activity Prescription in the Pharmacy,01,"",2,ARRGT,ARR ARR,S Marsh
PHARMACY,572,Physical Activity Prescription in the Pharmacy,50,"",2,ARRGT,ARR ARR,S Marsh
PHARMACY,580,Practical Politics and Pharmacy,01,13001,1,W15.10-16,WEB ARR,J Akers
PHARMACY,580,Practical Politics and Pharmacy,50,13020,1,W15.10-16,WEB ARR,J Akers
PHARMACY,581,Acute Care Advanced Practice Experience,01,13007,5,ARRGT,ARR ARR,J White
PHARMACY,581,Acute Care Advanced Practice Experience,50,13048,5,ARRGT,ARR ARR,J White
PHARMACY,582,Ambulatory Care Advanced Practice Experience,01,13008,5,ARRGT,ARR ARR,J White
PHARMACY,582,Ambulatory Care Advanced Practice Experience,50,13049,5,ARRGT,ARR ARR,J White
PHARMACY,583,Community Advanced Practice Experience,01,13000,5,ARRGT,ARR ARR,J White
PHARMACY,583,Community Advanced Practice Experience,50,13050,5,ARRGT,ARR ARR,J White
PHARMACY,584,Institutional Advanced Practice Experience,01,12996,5,ARRGT,ARR ARR,J White
PHARMACY,584,Institutional Advanced Practice Experience,50,13051,5,ARRGT,ARR ARR,J White
PHARMACY,585,Elective I Advanced Practice Experience,01,12997,5,ARRGT,ARR ARR,J White
PHARMACY,585,Elective I Advanced Practice Experience,50,13052,5,ARRGT,ARR ARR,J White
PHARMACY,586,Elective II Advanced Practice Experience,01,12995,5,ARRGT,ARR ARR,J White
PHARMACY,586,Elective II Advanced Practice Experience,50,13053,5,ARRGT,ARR ARR,J White
PHARMACY,587,Elective III Advanced Practice Experience,01,12998,5,ARRGT,ARR ARR,J White
PHARMACY,587,Elective III Advanced Practice Experience,50,13054,5,ARRGT,ARR ARR,J White
PHARMACY,589,Special Topics,01,15945,2,W15.10-17,WEB ARR,S Mckennon
PHARMACY,589,Special Topics,02,15946,2,W15.10-17,WEB ARR,R Crutchley
PHARMACY,589,Special Topics,03,16155,1,W15.10-17,WEB ARR,N Rodin
PHARMACY,589,Special Topics,50,15947,2,W15.10-17,WEB ARR,R Crutchley
PHARMACY,589,Special Topics,51,15948,1,W15.10-17,WEB ARR,N Rodin
PHARMACY,591,Advanced Elective in Critical Care,01,13019,2,TU9.10-11,WEB ARR,A Cowgill
PHARMACY,591,Advanced Elective in Critical Care,50,13040,2,TU9.10-11,WEB ARR,A Cowgill
PHARMACY,593,Residency Preparation,01,13046,2,TH13.10-15,WEB ARR,C Newsome
PHARMACY,593,Residency Preparation,50,13047,2,TH13.10-15,WEB ARR,R Crutchley
PHARMACY,596,Entrepreneurship in Pharmacy,01,12999,1,W13.10-15,WEB ARR,N Rodin
PHARMACY,596,Entrepreneurship in Pharmacy,50,13028,1,W13.10-15,WEB ARR,D Brand
PHARMACY,597,Advanced Diabetes Management,01,14090,2,TH15.10-17,WEB ARR,J Neumiller
PHARMACY,597,Advanced Diabetes Management,50,16094,2,TH15.10-17,ARR ARR,J Neumiller
PHARMACY,599,Special Projects,01,"",V,ARRGT,ARR ARR,L Maclean
PHARMACY,599,Special Projects,50,13030,V,ARRGT,ARR ARR,D Brand
PHARMSCI,571,Computer-Aided Drug Design,01,"",3,"W,F9.10-10.25",ARR ARR,S Natesan
PHARMSCI,571,Computer-Aided Drug Design,02 Lab,"",0,ARRGT,ARR ARR,""
PHARMSCI,576,Biophysical Methods,01,13089,3,"TU,TH10.10-11.25",WEB ARR,T Denton
PHARMSCI,579,Principles of Pharmacology,01,13093,3,"M,W13.10-14.25",WEB ARR,""
PHARMSCI,597,College of Pharmacy Graduate Seminar,01,13086,1,F12.10-13,WEB ARR,""
PHARMSCI,800,"Doctoral Research, Dissertation, and/or Examination",01,13087,V,ARRGT,ARR ARR,(multiple)
PHIL,101,[HUM] Introduction to Philosophy,01,"",3,ARRGT,ARR ARR,P Glazebrook
PREV_SCI,700,"Master's Research, Thesis, and/or Examination",01,13538,V,ARRGT,ARR ARR,""
PREV_SCI,800,"Doctoral Research, Dissertation, and/or Examination",01,13539,V,ARRGT,ARR ARR,""
PSYCH,516,Applied Structural Equation Modeling with Current Software,01,13555,3,"TU,TH14.55-16.10",WEB ARR,G Burns
PSYCH,700,"Master's Research, Thesis, and/or Examination",01,13543,V,ARRGT,ARR ARR,H Van Dongen
PSYCH,800,"Doctoral Research, Dissertation, and/or Examination",01,13457,V,ARRGT,ARR ARR,K Honn
SHS,202,American Sign Language II,01,"",4,"TU,TH12.10-13",WEB ARR,M Ratsch
SHS,202,American Sign Language II,03,"",4,ARRGT,ARR ARR,M Ratsch
SHS,376,Speech Sound Disorders,01,13139,3,"TH,F13.35-14.50",WEB ARR,D Algeo
SHS,376,Speech Sound Disorders,02,13140,3,"TH,F13.35-14.50",WEB ARR,D Algeo
SHS,378,Speech and Hearing Sciences,01,13141,3,"TU,TH10.10-11.25",WEB ARR,H Hashemi Hosseinabad
SHS,378,Speech and Hearing Sciences,02,16184,3,"TU,TH10.10-11.35",WEB ARR,H Hashemi Hosseinabad
SHS,450,Special Topics in Speech and Hearing Sciences,01,13171,V,"M,W2.35-3.50",WEB ARR,L Williams
SHS,451,Neurogenic Communication Disorders,01,13142,3,"W,F13.10-14.25",WEB ARR,E Clark
SHS,461,Clinical Methods,01,13144,2,F10.10-11.50,WEB ARR,C Dechert
SHS,472,Audiometry,01,13145,3,"TU,TH12.20-13.25",WEB ARR,B Peregoy
SHS,473,[M] Language and Literacy,01,13146,3,"W,TH10.30-11.45",WEB ARR,D Algeo
SHS,478,Language Impairment,01,13147,3,"M,W13.10-14.25",WEB ARR,G Lynch
SHS,480,[CAPS] Senior Seminar,01,13148,3,"TU,TH13.10-14.25",WEB ARR,A Meredith
SHS,490,Special Topics in Speech and Hearing Sciences,01,13170,V,"TU,TH15.10-16.25",WEB ARR,D Semb
SHS,490,Special Topics in Speech and Hearing Sciences,03,"",V,ARRGT,ARR ARR,""
SHS,499,Special Problems,01,"",V,ARRGT,ARR ARR,G Chermak
SHS,501,Research Methods,01,14765,3,"M,W16.10-17.25",WEB ARR,M Vandam
SHS,501,Research Methods,02,13177,3,"TU,TH16.10-17.25",WEB ARR,M Vandam
SHS,542,Early Language Development,01,13154,2,TU14.10-15.10,WEB ARR,L Thompson
SHS,542,Early Language Development,02,13155,2,W14.10-16,WEB ARR,L Thompson
SHS,552,Speech-Language Pathology and Audiology in Schools,01,13156,2,M13.10-14.50,WEB ARR,E Wilson-Fowler
SHS,552,Speech-Language Pathology and Audiology in Schools,02,13172,2,TH13.10-14.50,WEB ARR,E Wilson-Fowler
SHS,556,Problems in Stuttering,01,13174,2,TU11.10-12.50,WEB ARR,D Jenson
SHS,556,Problems in Stuttering,02,13175,2,M11.10-12.50,WEB ARR,D Jenson
SHS,563,Dysphagia,01,13158,3,"M,W8-9.35",WEB ARR,N Potter
SHS,563,Dysphagia,02,13159,3,"TU,TH8-9.35",WEB ARR,N Potter
SHS,566,Off-Campus Practicum Public School Setting,01,13160,V,ARRGT,ARR ARR,K Rademaker Simpson
SHS,568,Off-campus Practicum Clinical Setting,01,13161,V,ARRGT,ARR ARR,K Rademaker Simpson
SHS,570,Advanced Internship in Speech-Language Pathology,01,13162,V,ARRGT,ARR ARR,K Rademaker Simpson
SHS,575,Advanced Clinical Practice,01,13163,V,W11-12.30,WEB ARR,C Dechert
SHS,575,Advanced Clinical Practice,02,16280,V,TH10.30-12,ARR ARR,C Dechert
SHS,700,"Master's Research, Thesis, and/or Examination",01,13168,V,ARRGT,ARR ARR,(multiple)
SHS,702,"Master's Special Problems, Directed Study, and/or Examination",01,13169,V,ARRGT,ARR ARR,(multiple)
SPEC_ED,502,Assessment and Curriculum for Students with Disabilities,01,"",3,ARRGT,ARR ARR,A Albagshi
SPEC_ED,503,Secondary Education for Students with Disabilities,01,13527,3,ARRGT,ARR ARR,M Poppen
SPEC_ED,522,Topics in Special Education,01,13509,3,W17.10-20,ARR ARR,D Mcmahon
SPEC_ED,540,Methods in Intensive Educational Supports,01,13436,3,ARRGT,ARR ARR,A Albagshi
SPEC_ED,571,Effective Assessment and Instruction in Reading for Diverse Learners,01,"",3,ARRGT,ARR ARR,M Dunn
SPEC_ED,596,Seminar in Quality Indicators for Research in Special Education,01,13466,1,TH16.10-17,WEB ARR,H Whittenburg
STAT,212,[QUAN] Introduction to Statistical Methods,01,"",4,ARRGT,ARR ARR,M Lesperance
STAT,212,[QUAN] Introduction to Statistical Methods,01 Lab,"",0,ARRGT,ARR ARR,M Lesperance
STAT,530,Applied Linear Models,01,16341,3,"M,W14.10-15",WEB ARR,N Dasgupta
STAT,530,Applied Linear Models,01 Lab,16342,0,F15.10-17,WEB ARR,N Dasgupta
TCH_LRN,415,Student Teaching,01,13438,V,ARRGT,ARR ARR,A Segadelli
TCH_LRN,415,Student Teaching,01 Lab,13439,0,ARRGT,ARR ARR,A Segadelli
TCH_LRN,521,Topics in Education,02,"",V,ARRGT,ARR ARR,A Segadelli
TCH_LRN,549,Communicating in a Multilingual Society,01,13472,3,W17.45-20.30,WEB ARR,G Ernst-Slavit
TCH_LRN,561,Elementary School Mathematics,01,14973,3,TH17.45-20.30,VC ARR,M Kelton
TCH_LRN,571,Research in STEM Education,01,14974,3,W17.45-20.30,WEB ARR,T Holmlund
TCH_LRN,582,Scholarly Writing,01,13500,3,TH11.10-14.10,ARR ARR,D Day-Wiff
TCH_LRN,600,Special Projects or Independent Study,01,"",V,ARRGT,ARR ARR,A Segadelli
